WorkerId,Answer.surveycode
A3G3G7SCD88G1J,21530
A3JN18TC8GL3IH,72049
A2HNP1YL1IBFMU,89925
A1AXD2Q0MREL8W,23198
A2BAQ26SMQQEUG,78773
A54KH61CDVIB6,98667
A2UTHXLZL8TNBK,85646
AMG9Y1YLBTKIV,10836
A1R8A1ZKR80MRA,68782
A33TFZWRGY3ASF,91624
A38DC3BG1ZCVZ2,32031
A3KNO82DZ519HG,20041
A1V6CP5I0TOSAR,35712
A3TUMZ954ORSUC,81087
AL8NYDL4JOYL3,21438
A2EJEI8Q1HIWC7,58172
AM9XH69KBK5X5,62191
A1VIKMTWX0JA3E,46554
A14PFRHG0A2YY9,84596
A1Q2B0S25HHYHQ,95535
AHXCMJUY4KI4C,81651
A1IZ4NX41GKU4X,30887
A1NF6PELRKACS9,72543
A31Z5TPD8QKE26,98345
A16X5FB3HAFCKN,17028
A1KFK92GEFQ9F5,56625
ABY1RK8H6HC8C,29638
A26D2ZZKJW7BXR,27519
AHV4U78TUUDKI,34082
AORHXBTOCXFUK,94069
A27HVVLSZZ13XK,33712
A2EN81T1B3UG8O,97768
A208HLY9MGQIXA,78389
AVOF14300525D,98740
A23WTODPHXZ68Y,70506
A1PVG9LMZ1183E,54012
A1G96GPSRSLPC0,25481
A1NHTBY5YB9JH7,16941
A3V5IIPZ95YVKH,42651
A3CFNUD7VR2E1E,35824
AURYD2FH3FUOQ,14534
A3QZMGTVA4VO44,46994
APSN3KV49VLKX,96996
A39J5RLVDTM6SM,57907
A1VSHM4NLZ705D,33115
A3QIEF1HBF69Y4,90897
A22051NK9RQ4FV,10036
A35BY30TC8WCL4,50811
A3L3ZFL1NYFTCF,57864
A2OZGNW6THEMJ,82370
A3E26Y02PGX10Y,22066
A3VOMP0WOJTB4I,94150
A1ONILGBGJ8Y5K,52572
AJY6J33X1KJNP,97968
A2PYXFVGNJPPX0,80610
A2SO6K35NMGBB7,59033
A22KRF782ELLB0,86417
A2O2Q0LVWOWJ1G,39094
AAWX7QFQUNM6D,53717
A2YHSU2IJZ9J14,19109
A26399B1QZ7XJJ,90973
A1XO6ONCCTBMKW,17116
A1B8GYI6D690QX,41777
A1IXQS0AB02CPA,24100
A2M6ON3DU45IEO,17206
A2R76CKAHFJ6JM,48914
A28A3HF3LSEIDT,17967
A353KETOEN0W8T,28499
A1SCNO7L71ITFY,41878
A3862RIFFUV141,21237
A144OK7GGOQZKS,94562
A3HALUPLZ4IKYJ,88054
A2G57M3XD1AIBS,31009
A9MK3VLKHHXJ6,59862
A2F0X4LN9N4O4C,11166
A1AA9CXCTHJFUP,72693
A264NN7JBX4UDQ,30516
A1G5AIOZU5D4NE,42324
A1S88VQY8G8CNC,77128
A3AWC4P8QUK1XB,75640
A2ARHK50FQ79YC,96611
A2LV5432PV1S39,77768
A3EOXBHKJRLB2Q,47020
A6PPB69C6ZJHN,82070
A1EX0MEOPF8AHT,39846
AQJWO4YPR3LUQ,31334
A219VCQZADQ45W,86943
A3AA5G6HENO6VJ,21611
A1D4I1QYL9713I,27561
ADQ27JG7OMACZ,25243
A8F6JFG0WSELT,26241
AY0BJCGY2DHIX,60345
A3RQJM16UBTZKK,33879
ATHS9GUME1XCA,86393
A1Y0ABOUJUMCWW,14312
AKX5RHHO8BIUX,48409
A1IOMFFEKCWOIT,97513
A2SWQM5X54P1O5,69116
A26UAJWMMNN351,48114
A2Z3I9XW0SHBPY,35175
A2WMSIPUKEIBNS,64635
ALML8V38FDV0,92469
A13XXMDHOULEZ7,52037
A2KJ983WWTEK4L,43269
ABQ65VUI4C9RK,49503
A314XJY8V1YL12,96892
A2ELXYKRPPGRPB,32529
A1CF6U3GF7DZEJ,41452
A10G8U9316K46H,98195
A2OK9P9QCBZKMB,30886
A1WSW7HWIF100A,61212
A1ZDMNOR8EZ302,27853
A1A7UHG4X6CUF4,70698
A362SLD9P7DE1M,58452
A12ZV7VH03FCZ1,68421
A1508NNZV8ECUX,71540
A257Z1C5B6PD8S,88108
A4OKS19ZEXOOO,89352
AY95CQJPGZBU6,73612
AOI2DJMRF13CZ,79571
A2SM884JNBY6E7,31062
A207QKXVASDN0I,42373
A75HFSO84IPCT,96364
A1U3NL14LUUHG,62261
A1J0MZDSTJB5RS,72337
A23PO232SEACNN,16107
A2RCYLKY072XXO,33192
A3POUEYN59J30P,97630
A2OL5U1YWPFBDI,42944
A1Z0ZWDKKY3IV7,65341
A2YDDVE98Z2J99,64174
AW8DWI44UAHGA,81816
A1F9VDNG9P7MZD,97001
A2OHWRQT6EL4YP,97044
A3VFA6HNMEXO9L,51581
A2R0HMGT635LRB,80620
A12O3UH76HU4ED,22486
A27DJWJG2RN67O,30259
A1ARWNTZHGFG8Y,20560
A31JDBG4COQLSZ,27859
A3T8VF2CHNPL2W,62184
A1U3DFIGFCYOM,91167
AG6UL22QLCKOG,43443
A3FBGZWHXK1848,64538
A2NS2P9XSYBWR2,62377
A1O5EIEK0HONJJ,45738
ANBLYR34N4Q70,88151
AOXCDFCC4B3FF,22282
A1WA0HG8XP69RQ,53310
A3GE6U4PKY9XTW,51204
A25UWPX64DCORM,15919
A175766N4ZEO2R,59335
A2BLD7PEVCIAZS,94728
A91MYT031Q8YY,75832
A1G7UANDO0V4JX,67620
A13C07AR7Z224T,39434
A1WB9WAN12ZQ5C,25192
A37CV45RPN41FL,53993
A2Z46Q1JXM6LEP,91458
AL76RQMDB7YKY,67915
A184WIYGEBBOEL,63312
A15ZR3830X5Q12,10033
A5JUTCI1XLTTD,85102
A33S2WQZ8GTZG1,96043
ALIAA4VXDMG2Z,18903
A1YTAOLSEPYUMB,36052
A7SXWHGK8B40R,29318
A3O7IBUTG3631A,50270
A2P8V5SKYLL5I4,14150
AU1OERSMTAXUF,76737
A21LQZUJGRARR3,21081
A2D1S77G7DNC54,66729
A2JVLDMM9X5OC1,68347
A2E5CA83JIWPLF,31909
AXSBAD5ENW52Z,21068
AFK5ZOC4WQEZ2,49209
A2PPKUSW7YSU4U,74965
ALDZ4GG37PA82,80408
A2VX1BE00TSHJU,58713
A1EU59VMI8GL4K,33818
A38K00Z4S2BHDE,33372
A26IWEMT7ELLO2,71308
A1J5DG2GOQN6LC,50637
A23YA7CE7IYZS0,22317
A1826DV27TPGSF,11917
A7EMAVY7N1OTP,29363
A13XMDCMSOL3Z3,65040
A2K93NWO8484LG,44071
A1CIWGE3EI8HCZ,79172
AQRCQ6BBASPVQ,43818
A2TVOGVWO882L1,71901
A29VT22S6KY2AG,84271
A8EU25VJOJQOR,37651
AUOAXX8VYN9CP,87632
A1776HCSXREZLA,41658
A3Q9X8CBPHFRTZ,50267
AWIF3UAIE0O80,51158
A1UC22YKYDNU0C,81467
A2A0FWNGOIEP2Q,27006
A1651250EKM6LE,28717
A31P9S9LXL44SA,60322
ADX1IEHTH8KQT,82909
A2O2EC9FM179NY,74123
A15CL9A9FVSJDW,47990
A2D9DOBH0DA7H0,59031
ARCZLTB18LD33,84697
A29JQKN8Y3INRO,60482
A1X6KAS8KRAET8,42107
A3EFL59UDQXIEG,58972
AVCKZANEGP9TP,11472
A1S1GY5394L0C,53201
A3BE0L8XRKG8GK,52617
AVLDKYQH9BEZ1,97199
A18WO9O57UERFL,46841
A4ANRSA55IW5Q,48067
A39N4E0ZVC8OLH,97864
A3UY34VQFHEUDC,29599
A3AERKX1TO5QTL,42525
AWL3X0JE6Q7JB,47186
A1NOUBYTTZNNAZ,78474
A2OIV3FTRU1NRZ,73311
A2E431ICCYX66O,98572
A2MNDEDR8O8KVC,43881
A363VYF7YS717X,18942
A3KW4XO6V070P3,88726
A1R6D3EZJU8QTS,86937
A3F0RWNF0Q3HVN,86470
A33GJNAZW1PNH4,76314
A25N2OW7USWS2H,54526
A2IR8YL6FRQYHR,22734
A1TIKB6CAQFH2B,81859
AASDEU7P0G6AP,39979
A263AHO9JP8Y03,58020
A9NBSSGM5FCXG,63014
A1E8P8CXK0UWZX,75786
A24VHC33466EKM,75694
A2EOLK0LGE8ZG5,31652
A1IA065HXI6461,38185
AXJCS1IMKLVF0,67216
A18JQJZSUZBB6,92310
AT0W0DYUPDXBI,52085
A3O4FR5AEJ74BF,40243
A2PQT8RBQCK54,17603
A14PYGIZ0EAXF7,58896
A3NT8QEXFBYGF,41733
A1HCIECWYHX4G7,49100
A3NR6ZCVXJLDRN,84994
A29EHRCM8MT04O,70004
A2TRV4712KFUBX,31607
A3FGM39ZXTPEJB,73495
ABQKQQ8BD24BF,48896
A3USPFFWN1G5PF,17877
A3UQA3IU9VMQ5R,91369
A3JTNYBRYPL6I2,71035
A2DKPBPIQ04CJ,71137
A3QWGQZTI4SRXC,48041
A3VISS22RHM98M,33507
A2LBZO2W2YCLHY,76725
A3M0MAD6VHL6Z7,64820
A3EZKLIXGN8STM,70262
AY7LRW5Q88WL7,81820
A2JUPA97IQHQCQ,77644
A2MXEAHVSFIBHS,34977
A1DRDQNBFUX729,94821
A1N17S21WHT791,38706
A1MLGAVRUXIAH4,75770
A3BIJT39YYPGKP,19016
AESZJEZTZEW01,14198
A3H7JSG6XGTQ3E,34264
A2EP97LFANGVC5,81065
A26ZQUGCDE71PS,65857
A2F02S5813Y88Y,34778
A17XXXQ74MOXC7,24374
A2JA751AKAGSKW,30313
A2MR6WIUUHKZOA,54329
AJQGWV0HXFPE7,52858
A2L7RTYO4UMYDH,34264
A3GGHQO7QC9T2J,90504
A19QYNI3MKP596,55364
A225J5T6WHO2MG,80602
A153VZE9KN1UZQ,55758
A2D09GM3H41QFQ,65662
A166BS4L4QUBR9,41947
AMF4NAITQL7Z6,89972
A1HLFW90NYNYJ7,30351
A2O0LGNODU04RT,64820
A19PK1L3M1MVAG,29815
A2VAZJ877GIK0D,46324
A14E4ISXVJVY6F,47636
AJNHC2XJBX165,27456
A1VDVUDES5BTL9,99051
A1Z6HBJKZ922BJ,55044
A1RSK53VMT8T2W,31082
A2LMZD1W7U1RRD,61101
A2F89G0V6F1F51,25416
A1INOPCNKOYWU5,21451
A185N3JMGTSOBY,93778
AAGCSKNENHOJN,81317
A3OFMEOMELZBBC,42068
A9CXJ9J58XIOB,20099
A1V7P1J41UUK1B,79487
AJGXBY7MQYH0T,73576
AJON21YLZOCXD,23192
A1B81RS0ELC70N,98607
A3OWUEE99VSV56,70477
ARNRJX4WAMTEA,71863
A14KFBNK10WH7R,25392
A2VZN8J53Y5WYR,20563
A3GJ4ZYB1R7GWR,21687
A2FUFL66YEHXZR,96896
A1O57BN1J1MKT6,67618
A2GFLPRMYCE1E0,60478
AFZGUWYLC0NG0,18087
A1ZL09EBW7BGZ5,16536
A17UDI7X2EU7R,63007
A2523N9UVCFUPT,87212
A3MXYRZRCGF2LN,66013
A30X7JF8ET7BQ5,89352
A1BUBLBUNIPVTS,84860
A358RPTYR7CYHX,75534
A19DBINF3SSCWL,37684
A1VDE1AT42TLKM,90268
A3VNW2H3CFIG2Y,67054
A3JYEAS4FIGFUV,89972
A2LGGK7S61RTL6,21294
A3VH9AT1MB4MI2,57045
A1YX741QQSMKPS,70503
A23B3KN37PYNDF,35714
A252EOYQTHCKDC,42373
ANB7TY6QCF5IK,25793
A1CUCEYT4XN51I,51363
ACR6012D868PP,57382
A2HHXKOT2LVKRH,93766
A2JXPT39AWRES7,57311
A3RC6TFQ9QHMXI,18675
A3FA9WTWY3OSW1,33372
A3AFAU16GDVSJ1,69091
A2ATPVV665TR66,55707
A3PRX1XFWEZ3AT,66172
A32H6K5SBLBH0X,35038
ABTDTGDIT3AD9,15968
A2774PHW9BF77M,33025
A33B85TN97HQ33,16361
ATJWYHQX11R1J,68318
A1TV4ZM6ALVQV,89972
A12BECZ63PF2KU,91268
A17JUIY13I7RL8,56734
APS15IHINI8G0,48574
A1HDLV0EKH5A9F,24901
A3V9YBWODVASDB,17294
A23H641789ORB4,88498
A2P83PY6P7ECM5,25837
A1I9RLJQ0BYN21,96119
A3K8E22O7CHYJR,31441
A1WYEHI239DNWP,87661
AQPFTUIJ0PW2N,78671
A3PCGNRHYZ8EBK,75919
A219SZBLCCCXN9,17163
A13YBVM16F75ZN,93694
AB66FDVJHFYHT,60827
A1QE0I6AUR0JOT,70643
A100FVY6N5ROG6,30992
A15B4KZ3S04HS8,98441
A349BBTU7L597J,64718
A3QGV7WD7N0W4F,16523
A1AY3A97OWENX8,49210
A58GP5CIF6DJ5,95892
A2CH688YMMSZ6P,96435
A1ZFBRF7ZIB0AK,51896
A2ZJQ9379BA2P8,12810
A2V15VB9NXX94S,42704
A3NOHOWWF8W46P,30483
A39223N3DNTRQL,59107
AIXO7JFFSBR5O,57581
A3AFX2N59UHC3Z,53304
A3ML2JW7WM61B0,36699
A3HNSK52DHC0IQ,11689
A3Q897SMMVA32T,65728
AW132SS7LF2K5,45535
ATJ92FYQX176Z,24207
ANWGFLN9SI746,30672
A396H59ZZKVIGT,82473
AI0RACPIMVUUB,86328
A24MCV2P6CRXNG,88351
AWC8CYV72QOLL,95495
A1VAH7UJPU97QZ,93316
A1WCZTXZ5VWZVC,67775
AJD1AE609COQU,67064
A1MTMS5Y41FS35,17188
A1RCQE1TJGENCU,91909
ADTQZUNPMXKC6,75500
A23PG4T9JGU2AK,67787
AN2PUBKLOWXV9,74522
AC9LDFK3JFWAW,94380
AAC1T1OKFL54P,33372
A3IE9FGFEF69UW,16115
ADIT3WNV1EKNP,57746
AE9KNJZWDCDSE,19258
A1IXWWGMZUVSGO,97431
A115L7C2K4SRWF,36359
A23BITPVWP3DD,50592
A28RDJQLGDZBSL,64003
A3V6A8AZYWOXNR,32257
A2MOKIEQZ0OF2M,17283
AZRUZ6ZPSR29D,96367
A2C2WY0AJJ09PN,28833
AJR4ML6A80TRU,95954
A7F8W5J23JOTW,88041
A37QPDC13L25JW,99843
A3867HOGH4P2UZ,88211
A1FYZPVWWC808I,60149
ASVPTWBAE7UJ,71033
A1B3Y1O8AKNODN,65993
A6G80VHTBZKXM,95236
A3F0AOK5MXC1FE,63642
A1YUVYT6ILN9NU,54329
A1R1EOKY5ZEN4W,96225
A1G9E85C7Z29V6,88921
A3KPDWMMXCJART,23237
AGW8QHJ3C1U53,49668
A1D2EU3N2J11C7,90268
A2TJDK92JGJVV3,27344
A2C05S1ND4OQDC,58510
AJ7AHCVIHRISD,82931
A2MTPYYIPPMRRB,85009
A5I98GZTBNEX9,45242
A3HNGRVIC2Z9YZ,10541
A2U55RNO3SR0HW,24991
A30ZNSA9LT9ZVG,93224
A20VOPLREIRWHT,45797
A3JGB3OMTOWR6I,52619
ADTST3X4JJEIH,34099
A8WYU8R67WPK5,28207
A13HSR88OUNIVP,81365
A3HINOT8EF2QQ2,25929
A110TX2PKWIQ2O,49178
A1WIFXERYFP5QK,26671
A3GXCNV1KSZHCQ,33604
A227F8INY1J7GG,62421
AMDLKML019HT1,28132
A3MIDLO5S7FU06,55952
A3UJY9UH888AYS,83723
AGT8Z161RAQ6,47560
A3OUAR84WQO03Y,63394
AHAUKSS6UMWDJ,16539
A3REPTAHMY4QO,56597
A321PTKQRXYNER,50136
A287I4G1Q0K003,89972
A28DTM5Q263WKQ,33372
A3BA2WMGN6KHUU,58116
A1EYACDLY9MLIR,77117
A3MRGMT61X3ZX9,23906
AXGIQJKKDYS22,90572
A3IQT2OCOMDRTO,35811
A1CB72B51L7TKE,92572
AQGCSLIMSGWUV,80888
A3UPHQIY7SQ14M,44617
A39396F55RA2UP,32979
A2UK5M44OMNTW1,91564
A1BXWUOJFE7F1K,44868
AIU7R64B8TK7J,61777
A1MRAER66G6Y5S,30281
A2YQSDTAUBIAHC,38804
A2NVX39CZ34V4E,32255
A3CA9WUUI3OTYF,56366
A1W1WJVHEGYAV1,43975
A1V74XPZ7AXHTV,33372
A17IPELR5NC2LZ,18553
A1BT6QJIRC46BB,34199
A50UY1556VDIA,72474
A19FW6H7BGKRVT,32260
A2OOQFXTRZV3F5,82460
A3335ASFR3L0Z8,95915
A2PPM59Q2ZNKTA,64135
A25FJAJGTWFMP,95623
A3L41S3YTR23QG,20226
A2XX20Z6H7Q8CH,66538
A27TCEXM7FVFUN,18463
AS0K3B3JQBADE,72101
A149YZJBFRDWBJ,21172
A34EIYLAKH56ZA,65293
A1E2T3ZUKPLTTM,78430
A3H78MPB16RT7K,30867
A2TCNQL5VLOVNR,70969
A153MZITW5L5LR,24374
AALT0YI5EGA9U,70841
AAYH890LEBM8E,15062
A1YIDWVXRSUAZA,61595
A3MUOTEFF45QLL,38962
A2VD5R9Y2BHNHU,23377
A275V3KU75DZX,70410
A3UIKM1OJ6M9J,17737
A1I4K8Q4O33AYR,81918
A1BPU6PHYCXFRT,69848
AXQ3DBDMPXBC0,45217
A2Q2E55XZ7V2YY,52919
A2JUD8Y832GI2G,61756
A2TD4JCO75WX92,91268
A1P8FPSAYPQZC2,94139
A2KVX76HMY6SZQ,49180
AMSX1CTJ2ABFU,39340
A2DVDC9AM2E9ZG,44271
A2C4SEU0UB1PA9,62352
A1C30LRLU9P7ZW,17580
A3130IL5ZPWPKK,28653
A17M83XMPNU44O,82020
A3MGGTEFEAM2YX,29100
A3N34TT9VBG9E1,67554
A2X9VV3B0FZKHY,45460
A13LKULUTCJCVU,35076
A20NA0GUSLEQET,16718
A2CCQZMZ4DSVX3,32313
A2VUJ3PTQXPDMS,28872
ASWHFDIL9OIMW,21429
A2NU6PULGPCO37,67968
A3R2EH58I8Q4YI,26048
A24OVLMBTKZPWN,41660
A34EDIQYF3F5LJ,71912
AYOAE5J9JNRRB,16338
A2O3K4YJEZMPQ4,69104
A13JJHDWBG4ZCM,56709
A3C8E7YVLNEQKA,13017
A3CHSA26PP3N39,12688
A3AJV7UTRTOY4I,96026
A2WKKTBR5PQD1,29950
A3B3CGPPL80VD4,74097
A2L9HDGMZ8OZUJ,77445
A1Q17AURTUSKIT,83032
AQODM20JSI5DR,92080
A2N8PVHOT7XR1W,60756
A1XVOBJZ7B70B0,52928
AX70HH10V1ILZ,82449
A2LD7WNF6EPLBY,90720
A2NODEE9MITTYT,21724
AO32FOYH8JTM0,18577
A3L826SCLNKAAD,95061
A3HYBGO4WFLKKL,41366
A1LTQFASEA46TV,94190
A3B1Z6V20YPE01,23141
A2QVQJ7IGUU91S,12341
A1SUTNVLSFPXFK,19797
A100LZFY07W5DO,11745
A101QSMBMHY9SY,13315
A1024YI1G1YGD6,25630
A102WSFN62OS6I,48126
A1037WWQHXLFA0,19829
A103A7PRZURWVQ,54784
A105M4JOZSR7E6,69260
A10A7EZUXBD0II,63414
A10F0OVV7A0U74,84514
A10F6VYGF7CN4D,25657
A10FSZLB75VZ14,25455
A10GX3KTL9QYNP,37029
A10JXOU89D5RXR,54291
A10KRP4WDWI8PN,39955
A10KSZ49W0VW2W,65219
A10LUA055M8KA0,46297
A10LW4NJ6ELWBX,38658
A10O6Q0JU58JIJ,20434
A10OE8HH3ZTS9M,40426
A10RPI745Y429J,23886
A10S9LJ613KHM0,58974
A10T5A56ES5Y05,41698
A10TIKGI0F2EWR,56923
A10UIE7PPASC4Z,86294
A10WDL6WA1PP84,76554
A10X93TL69AHDA,93427
A10XM9LD12RV0Y,87079
A110BZSDZN7E16,20536
A111WQULOVOBLR,40614
A1153ZIEQX0ZJ8,80106
A115L7C2K4SRWF,99832
A116E4RIZAZMK4,60232
A1198W1SPF1R4,89895
A11BACV6DY5S8M,61404
A11BAIN13IGWCW,62076
A11BHGAKU0RIH8,11882
A11EXIB1MVBZFJ,89616
A11EZAV2HRYKD5,98993
A11GX0HX271FDP,41770
A11HCHEXMVLD1E,94620
A11ILN5YSUDVG8,43591
A11ITJACNPL2O7,29032
A11KBCGA8SJNWZ,22433
A11LQKK6XM1EL4,80254
A11MOA9HW11EP1,16302
A11QDNT3W7DT7K,74181
A11QXCNVMVF2D,23581
A11WEYE8QYRHBX,98427
A11YTQWO7YMZMA,41252
A11YY2CO8ZR6RJ,76957
A11Z5W18QSJ2SD,12691
A11ZMV0IAR81P5,77262
A1202VV9WS418S,43223
A121XPLMG5SJIE,68268
A121YWZJNUUZRJ,42664
A123GL5B378JUQ,70120
A125KT7XA1T76I,93333
A127UR6B9HR808,98650
A12ER99CF7AJLA,84429
A12FUM7NS9T4QO,86743
A12GME5CM4AJA4,44801
A12GXK6SUCASW0,33164
A12HLLXWOQJ14Q,17794
A12HZ0Z8C50B8W,69616
A12I6N4LX4MLDK,51482
A12PRTUB056SAK,32265
A12QDESPJEK5BL,29058
A12QX6QFIB2VLE,40000
A12TVLFK1QR9SK,75717
A12TZ1W76AGOF9,62205
A12VH3L9LN2EOF,33622
A12Z11NRLC1RU9,93348
A130HV3FQP7I8M,72367
A130W2NZ3ZT523,76907
A131HLO9V2RTSU,15769
A132MSWBBVTOES,55276
A133K3I5MRCJLN,83267
A134XV24WHMUIK,30971
A135EYGGPP6KY0,50710
A13AKYTR0BUO4R,75236
A13CAAOJ5GP4UQ,10652
A13DPOS4NL2UOD,36226
A13EWW3G0IIKT2,44391
A13HW5P1UTKWXY,85591
A13I1LL2Y2UQ6S,35201
A13KVTQ97TZ1PO,74213
A13OXH06U6XOGE,73292
A13OXIY3U7818B,12572
A13QL2GWRLY4MI,91084
A13SNMUR2U1NOE,19164
A13SVV734CFMU4,66708
A13TDL9QXTVW5U,52713
A13THDIE8LTQ11,47961
A13TNQZ65HP1LP,42131
A13WYZ8AXD6ODX,87650
A13XGZOMQ6KBIF,96089
A141BEGMEHN31L,79278
A144OK7GGOQZKS,12625
A149EP9GKNX4J0,77640
A14B0YCUB99SK9,45217
A14CB76WBRQCEF,47144
A14F1O6627M5NQ,28849
A14HW0XMI4R2ON,43637
A14IUMD7WBITLS,27012
A14JIO4Z606YBX,63313
A14JUK6WKEPPWX,25216
A14NWZH1M96Y1N,28468
A14O16BONX34F5,55611
A14P6SH3OKKKZB,90239
A14PFRHG0A2YY9,70760
A14UV7K9LQL4V4,80515
A14ZR4Y55Y47U0,87693
A1508NNZV8ECUX,94521
A1516ZJRBR0576,27550
A151XA53WYXVD7,25349
A15371QYPJ8SSR,72310
A153VZE9KN1UZQ,32045
A156JKOA4I7WYV,86493
A157TDFIF01WN,43591
A158Y1AHS8YESY,68552
A159IB38ORXUZG,42015
A159OU5KA18IVH,75758
A15AE503MN3G9P,79651
A15AV1LOMUQEBX,60616
A15CVI55J4UU8P,69576
A15DAWUPB2G0CV,55379
A15DR8E9B9IG0C,50871
A15EI0BPQMH61D,28937
A15F2JTVAJXITI,30431
A15GDVKMYRUPRC,77814
A15KZQP7Q17NJL,35182
A15L309C6MVIJG,34436
A15LUBUIRCLIX,29723
A15MM8F7Z6E8CH,53887
A15QAWHDJW77LE,54446
A15SB9KAGZMJ4G,72717
A15UAR6NM0QVQN,85673
A15UF2XA960XFC,13291
A15XDLZ944Q0SH,30522
A15XW6ZXRPCTZN,30535
A15Z943H2GEG9A,96396
A160MGZXWBBWU6,92448
A1622OA5Y12NZT,19280
A165B3KWNDSHYS,83844
A168NQV5RKT0GV,98819
A169XTOCOMO1MV,84682
A16D1UB48GJXY0,61964
A16DJZJHPOS6GO,32791
A16E8BQLG16N3F,87504
A16HB1VCU2ZP9N,42411
A16HPI1KY7EIO6,60221
A16I8UYY8MG2PG,80267
A16KV0X2ID0HH1,87996
A16ORE4W69MAF5,66200
A16Q01TF8ILYX1,78418
A16Q59KNBNQRA6,76898
A16TINNWM1YFS3,14034
A16TYLM2K9EF3F,91031
A16V5CHZ10ZPZN,45515
A16VHI5W655JWW,86568
A16VPI7IN6DQC6,74196
A16Y4WDHJH5TH8,35771
A1710X6OIQP62Q,15636
A171C7B6HHSEGH,73415
A172BOCIRENV6H,33736
A178HXQENEAI65,38532
A17E1199ZCUV1U,79946
A17F7KTIFEIRQT,83453
A17FM05HJYAH9Z,51210
A17FYMZVQ56MGG,22543
A17I0JD3MXFPVS,80565
A17KUG7M9BQVPC,63324
A17MCLU11Y9STG,50889
A17QVB1WB1T5BR,94684
A17R7WX5B0CKK6,80232
A17S6D2Z3VO1M5,27985
A182C23LNZ6TLF,20472
A183BXKTSGWVJE,96249
A183RML182HZFI,56145
A18479ADW4T54F,83348
A187K8KLDQW1C6,64801
A188NBU9R55HFD,23432
A1897EOCHVT8D9,64670
A18H7SUNAHHADC,96226
A18JNQE5GZQIX5,12284
A18OOITT2FJH20,20019
A18QKM5Z69TLS,41181
A18QVDZNEKPZB2,19534
A18RWYC5J00VGZ,18158
A18RY3BOPI1C6C,92421
A18SYEVIZ853AJ,14258
A18W2YGS0VVA53,28317
A18WNE09USHJSG,89790
A18WO9O57UERFL,11067
A18WSOMIRI94OM,58177
A18X2MNJH6ZTPT,68142
A18XBX32LS7OH6,91132
A192P80BU9FOOL,66868
A1971BGKYA4IV2,49352
A197FECF831H95,62095
A1985TPU6NWWEM,17573
A198XB9D0UPCL,21265
A199D3PL67NVTG,45061
A199O56VZT7XFO,77460
A19B3ETU9NRV8H,35086
A19CIALD59TN2I,10428
A19CZ9525TGOCK,11417
A19DBINF3SSCWL,27344
A19GWGCUBMSVXE,28494
A19GXFM9VU6950,20039
A19LHRTVL0QZEI,43283
A19MCSYQLBL9EO,40873
A19OEH9E8SNCD1,46195
A19QYNI3MKP596,16523
A19UPHU2O8N97D,10978
A19V3A2N7GWL77,17854
A19VFMYJJX7KSX,11288
A19WXS1CLVLEEX,10165
A19XH8VNCWRP47,86537
A19XL4K9X3S6Y6,32349
A19YRUF7K6FY78,68804
A19ZD5ZGSW4R52,42346
A19ZV30SX4PHCW,33501
A1A0HVICBQQU02,70790
A1A3IZ30V2JU65,13987
A1A4W5I56BSH44,54115
A1A716FZ4WDCCP,99603
A1AAP4BW3TDT67,23592
A1AB2799GA1WUU,79879
A1AFBUXRM3T18V,92591
A1AFQDH34E87IG,43670
A1AK8FXZAE0N6F,70714
A1AKASQZMTFBM7,83910
A1AKI9L6RF58TH,47132
A1ALHHCB7C7SNV,27625
A1ANMD2Z2D7OHW,75999
A1AOESAIFG8K9Y,56436
A1ASPBJXT8IS6D,11535
A1AVKKVWWFUGLT,58939
A1AWHGAQBO77DG,88406
A1AY3A97OWENX8,62018
A1AYFR2F1XA5IR,21581
A1AYTKAQT201ZV,84540
A1B1I0WDF9VN2C,63002
A1B4ZB718WAQ98,68186
A1B69BRKVU9VMB,67237
A1BAYAOZF4WBTZ,68468
A1BBN1LLRQDCK1,33436
A1BBZ5EMNSCZJR,86798
A1BC8AVNVIK2S5,78022
A1BD1KTCRJ9O9N,20636
A1BFLMCFOAYEVI,64995
A1BGYKBWZ1JLSH,98014
A1BH2V5PHKZTVO,11589
A1BHHJ7T4A9U0P,57204
A1BI90XZ0GR5G6,97221
A1BJ5V3185369P,63638
A1BM57TUNAQIXM,82914
A1BMOJ4L18RX0,44559
A1BMPXNN2S0S5X,12353
A1BQEXS35RKH8O,74349
A1BQI9JKLVCIL0,70541
A1BR5IBFDYQHR5,81989
A1BRJXBMTURQNT,18837
A1BTHEZ4CGM868,83976
A1BTIZ0YNRYXF4,47875
A1BV0RI0S7R689,21856
A1BVHARHZ1B8FZ,16274
A1BXBD12CJZE7E,16268
A1BXK523GBIY71,27705
A1BYI94LOLLR0X,38762
A1BZ3JVY6RDVPF,25625
A1BZ7W6TGNXB18,30917
A1C6U6K4KW7PYL,38437
A1C8O0R5IGZOI0,13317
A1CAD01T1UHTH6,41483
A1CB490V4TESPB,68952
A1CB9NR3SN4VMY,57012
A1CGZQ9JQO5MJL,19531
A1CHU9J9YU9CS8,59506
A1CJWQO46J59ZE,34633
A1CO6ZUUT3HX9S,11148
A1COH2PZC3YUQN,31568
A1CQAS2V0PGXY9,85639
A1CRE2Z623JZ6V,17842
A1CRO77LHVS5R7,93445
A1CTD9RKKEOKPS,36510
A1CTJ8UT7SF317,35857
A1CUCEYT4XN51I,54131
A1CVSZ55DX05NO,87839
A1CWQ5W3J1EX7A,77613
A1CYO7FJF2ZTB3,35344
A1CZ2GB5LZ9O5H,54836
A1D0GMBC5WF3WW,58255
A1D11FF0K2Z6IR,93741
A1D2S7NTKNVKV0,32927
A1D3VP8OFZGCJD,35701
A1D40CORI2Z7MP,69459
A1D4O6M2A3Q4A3,55211
A1D8EUOJW3MX7N,35812
A1D9GIQNCBH33B,55614
A1DCKRRPA4AWVD,93478
A1DGTOS987I2MA,87848
A1DH6YZH89UH6L,90835
A1DIO3MMX6GVWK,21838
A1DKL7KT4YB97L,97395
A1DL2CD4NYF18S,52195
A1DPE9WX6BKE3W,21343
A1DXKXWTAHA93N,87805
A1DYN6YGGW862S,44941
A1E0K2VGY2684V,33805
A1E0VNITLHZUIA,38657
A1E2T3ZUKPLTTM,67900
A1E31V4KC175MR,82249
A1E3Y8DJR2EQOC,18308
A1E590I64GCRAM,77736
A1E7X58HORLLRN,52912
A1E9D1OT9VJYDZ,88560
A1EAOTBY7OYTEX,61177
A1ECV1E2NTQJ85,55861
A1EDN55K4IF2GD,98800
A1EHVSD9JUBROR,64161
A1EIF6Z1XQME8B,79694
A1EIKIHK12UDP0,86138
A1EJ4F4ZQQXL5Q,55727
A1EK1RN2IS5MJM,56057
A1EMKR3TP9UL9F,36442
A1EOQVDSHKJQPM,14868
A1EPDU6H7CA2NZ,76636
A1ET8KKG22R9SI,70995
A1EU2GVLVPXVQ3,32269
A1EW4YZJO9SKK,33001
A1F0R1MSPTXHHV,73415
A1F0VEHWK3IAF4,99089
A1F2AF5CUPALVR,97058
A1F2EZ44PL2RWK,16774
A1F33PWODESS7J,82143
A1F6E5PY1CFLOU,25659
A1F7C1O8I5VP49,66643
A1F7YVUI6ABYN1,97108
A1FAX797NW6H3D,34804
A1FBD9XS0CXX73,11149
A1FHC4Z6QXDQSS,97451
A1FKEUNPBRLHX6,35567
A1FLX36EPJ7G46,25852
A1FNKKDP0GVHF8,72628
A1FQDFM7BJ8GTR,36922
A1FSVE7X49YV8Q,66388
A1FU2OAAG403DV,36320
A1G0LSVKXAR28,70164
A1G0S2PY40OESG,13623
A1G2CH6RPEIA15,24753
A1G2MR88TZ4VQT,19600
A1G4DA61N4XPLL,86558
A1G5BALVLNHTPU,68661
A1G74BMJI7YTIE,54072
A1G7LMT7S5US61,16220
A1GA9DG3ZN914J,81181
A1GBNOE5A5PD06,93203
A1GBNQ1TUL5ZLL,32078
A1GE9RD7E64UYV,45226
A1GEY1HZPZ0JU,25837
A1GFI6FUEFL7RD,99161
A1GM18EDRD04ON,16241
A1GNG0J27JYSUB,27588
A1GTK51EOSCJOV,36596
A1GYII3R62TH65,54860
A1GZV66ZPQXXGK,46467
A1GZYV3UIVAR5Q,20498
A1H1DCAWYCY3ES,91245
A1H6PVWRCYN0E4,98506
A1H7KE62OOEYWG,74460
A1H7XQCN2TQJM7,31905
A1H8KD4NM21PAP,74011
A1HBY957YJ5U0Q,24621
A1HCIECWYHX4G7,49100
A1HGOFQI8TQCWB,49741
A1HN2W2M73O741,46998
A1HO986V3ZW4I3,13850
A1HR8IRDC07FO9,90820
A1HUQ7QA5QWM5Q,90473
A1HUY4510SBF7O,69477
A1HVA6N137E7XH,62387
A1HWX2INOUOPS9,65118
A1HYNGG8LZUV47,37761
A1I08L827R7GY3,52159
A1I1QDC2JREK20,51963
A1I5KX8TP3K5L2,24774
A1I6LWJWGKXOUU,35997
A1IAG5M63972G5,55462
A1IBY7KXFHJ2U2,33845
A1IIF95II8FISQ,37166
A1IIIINRILYLX6,25116
A1IJ56N5Z4TT46,38491
A1IK5L733Q9JV,52922
A1IL3YGUDNROPT,86050
A1IL5P5H5VRW0D,51946
A1IL81UMEC9OJI,40928
A1ILCIHMXPNTMT,73459
A1ILFS8GL5M2X,61922
A1IMBZEOTAZH36,23345
A1INHGADT2VOYL,51763
A1INIU5LAP6Z4J,12305
A1IP08RU1DCQ7Y,17429
A1IVNEGX2UB493,97399
A1IXVPKQT4DXTG,18517
A1IY56R3AGE20A,77816
A1J2KT39T9KW6S,45382
A1J2ZU4AH7V6N6,37596
A1J39RAV7TKEMF,67594
A1J3NXEZJ2ASV1,72358
A1J4N2SE30LCUH,25177
A1J5OOHG48P4CL,80013
A1J5QT0FI6WZP1,55251
A1J63H1NZP34DD,11823
A1J6DZE1BFZOAA,35535
A1J7BOL7SR48DV,87537
A1J980QNBDG17Z,43427
A1J9N4GV8AD6FH,42068
A1JAH0AU687XX1,45390
A1JCI4LMNRO2DL,59947
A1JCN5P7RY9QEF,79584
A1JJ20FYVWAD7E,38680
A1JK5Q9YS03OZ6,46378
A1JLSSFQ12QSA8,79750
A1JLSWEISM2DWE,54144
A1JM5XNB4NCZR6,59254
A1JMVBYWF4R66N,53637
A1JORZPYSL5A7P,98372
A1JRD9COHJTKL7,36886
A1JSSNHBARNM5C,18472
A1JT6ZF5PMQBM1,29773
A1JUR7QCV4GS1,85764
A1JV2S5C8QHD1B,61830
A1JVMWLLKPC1JZ,76236
A1JWEKRBLSPL8S,65834
A1JYI8QUHF7XX6,89863
A1JYKEEHMJCWIO,43794
A1K15Z0T1BDNMT,35555
A1K3B8QLZREMJX,91787
A1K3C92PTAOEUM,35519
A1K4RESK1XUMQA,85466
A1K581IY10MNC0,60224
A1K5ZDWTQAANNG,20703
A1K8Q710ZR2VBC,56431
A1K9BTDFWZCP56,72853
A1KAM5ZQ964VBE,24461
A1KAVETCPIZI9R,85109
A1KBDB4QJKCOF9,77812
A1KCKGMIB4TB2W,13569
A1KEVLC8IOQG0C,62216
A1KFHUDQAOGWKG,68226
A1KGUJMWDCPSYG,16900
A1KH9VI2D0V43B,57273
A1KI6JFFI8HC2D,87560
A1KIL2V6SMJBGX,53803
A1KJDD70NSEXYR,56326
A1KLU2IVUJUC82,60354
A1KNTK33AF4IJY,26173
A1KOBLL83SICGQ,97604
A1KOHXO0BIQB8T,13990
A1KPCQOT575F4C,20172
A1KUCWVB07BFIB,86650
A1KVXPBXNIAZFC,85209
A1KZ0KE93WNN5O,61813
A1L1S0IAPZB4MO,90210
A1L268X6LD61RP,27538
A1L2F0RO9LFKF0,40478
A1L4QP8Z2A9AB1,44425
A1L7MU9FO4TAC2,66462
A1L7XWMS305LTM,66059
A1L80HFXO934M1,37770
A1L8ERUX8LJG6K,46311
A1L92W5SO5UPS0,62038
A1LFOS4GL90HWU,89732
A1LGDJZP82PP4F,36104
A1LH7LH01SWUSW,70841
A1LK6J2HTS5RNB,17321
A1LL073CE6IXG0,56670
A1LL13M1LDRCYA,15016
A1LS6WVYEM17D0,73660
A1LSPUMUFMOR8E,96793
A1LSQXRX64F90G,81951
A1LSSI3O205X7F,15968
A1LT4VF7LO1WYU,35714
A1LVYEU1MRRDID,39303
A1LWN2VUPD3YQT,35178
A1LXBYX8R2VURR,67389
A1M24593XO5Z3C,50921
A1M383HEME76VG,40162
A1M3KGD9H8RTBH,49734
A1M464OQQTGEGP,92257
A1M4VH3KCQEAMB,59579
A1M51DFV806JH9,92691
A1M8W85HGL2AL2,36988
A1M9IUQU8YG1MI,62029
A1MAJKG546YES5,29654
A1MDKN4ZIZYH2O,17634
A1MFSDELMH11F7,45951
A1MGRIKE0XV24O,66874
A1MJF6MMMN1NU2,88316
A1MKEILXWWLBW2,51864
A1MKG24M4GWUO8,14668
A1MOY0M1B3K9UC,98242
A1MPJEKDETM405,95158
A1MQA5EI1F1AIL,85183
A1MT4FMXL4WRAF,43035
A1N0H24FRL31XK,41259
A1N17S21WHT791,91015
A1N35VV9QURKHX,73038
A1N3J21E6L4VVO,18811
A1N4FC08GPFIJQ,77869
A1N63NKTHGO2TF,90824
A1N6LEU6CYVTNW,29956
A1NFDE7COOK6V,59899
A1NFFOJC7KWFIE,16117
A1NJ5K9RP97FW4,63155
A1NJHA6N429B30,87902
A1NLQ7PGD6SM91,74586
A1NN61ZAXV9FR0,70879
A1NOKRL0IA8GGG,64326
A1NPNAZATYUZP8,64072
A1NPQ6EAFPXAGG,87053
A1NQ2A0UDW719R,59808
A1NQT3EWUY170U,41248
A1NRHODZG1OWAJ,98139
A1NSBYOJE01DZY,46139
A1NVPXNM1PWTXH,55648
A1NX40J3M04FU8,14093
A1O1GAMZXTHUTV,20590
A1O3RIFM061LVE,43355
A1O3TTLLWDN3IO,68988
A1O4Q0QVPVBF8M,27975
A1O4ZMYV2VHLCZ,39287
A1O5OYP97FY7NM,41725
A1O7WUQDKPZGH4,97992
A1O8I55ZUHLP7M,45170
A1OB9V0NGSMIJ,21640
A1OBV605CMIMGB,90720
A1OGKC3UG5O3ZB,63905
A1OH7LKEEIOIJB,27158
A1OHGHZP6IPRT7,66223
A1OJEGLT5JKETQ,92038
A1OJKLCV9DCXFM,65982
A1OKFYVJTEK4BI,10732
A1OOERFI8AIY6N,77468
A1OONGQTKK9BCN,31399
A1OPD2QAX5XK85,20762
A1OPRDXHDX6MT3,74463
A1OQE4XNUYJ58T,63365
A1OS906LOX9613,83163
A1OU8F92A7M3MR,98322
A1OUKGU03JH1F0,71504
A1P3I7YCWXF9YG,45665
A1P5ON29FX4THB,60757
A1P7VQXX8GBM18,13498
A1P9W63RGD5OUJ,79867
A1PCCY2QR9AU1Q,30914
A1PMOFOXDM4ZLR,59664
A1PO2UI2D34K1T,93972
A1POFZJ6S69OO4,14152
A1PP3I5H1CQDZC,32757
A1PQ2B73P6CATD,82658
A1PR5LB62EVYAP,63316
A1PR72RCCDVLD9,69928
A1PRZC0JL283H7,74277
A1PS8FTSVOJ4PB,28230
A1PSF33PPP6JO8,76671
A1PUIM6U5XPOGI,32741
A1PURZLT62DQX5,40075
A1PUSSRD8P5HHH,46698
A1PVL74S10WYD7,10418
A1PZGN0VYAGACE,50822
A1PZIN8H1VI6SY,95287
A1Q3ESI4TUIW36,55192
A1Q3GFQXJMIHQ8,68504
A1Q4I821OFS3BC,31823
A1Q64J125I8PJD,80263
A1Q6R7V44ZG7V6,81195
A1Q7RG6X2EXRA9,60387
A1QAHNM59BB6FO,44290
A1QFD3NLSIV2IG,17307
A1QFZX7QP3MJKY,74581
A1QGUUZQ86MUV2,20170
A1QJOE94CC1YP1,23167
A1QJVBXP9KET95,59308
A1QNI46XVFT86V,90599
A1QRIZY9WJW3R1,18929
A1QRTSLDN8LVNL,41739
A1QSUIQRZFQ85E,40591
A1QTW0KW1JS4M3,39720
A1QWI5WEG1QNT3,44326
A1QWLHFGMU65QA,54702
A1QY77QE9JTUI7,11716
A1QYBBI0XHD0PZ,29016
A1R1P5L8H4VEAL,22163
A1R2VTQSLGLMM9,38454
A1R3MNDWBBDZ6L,52253
A1R5JNC2LO6X1S,54229
A1RATFICCKLCQ,85902
A1RCIOCH1O9FXS,89966
A1RD8HR793JBA4,32924
A1RDWVSEABJHMK,12889
A1RG6MCG1089R5,76909
A1RHPNHPW1I7T,95312
A1RQ7F3U5CXEO5,85514
A1RQ8PX7A0CH3C,27534
A1RQ9S6WXZBNRT,69173
A1RQW7N977OAGE,21996
A1RS5MC509KM7D,30226
A1RVSCULEMXJVB,16569
A1RYW2H7HP2L08,83046
A1RZ16JJLQV1WY,87035
A1S1F495QARNP3,30535
A1S1SE61YRKBCZ,59870
A1S4YCEXQW90VJ,92847
A1S56RBP0Q3BT,50098
A1S7B30KCCETZO,81970
A1S7GGSLI5QEGQ,47004
A1S7WGRS6BVBGW,35848
A1SAAR4KRNSLKQ,26125
A1SCNO7L71ITFY,65170
A1SD4SHI6TU7FX,96308
A1SER6T1QMQ17D,32897
A1SFS4LKQL71T6,75436
A1SFSWYQZALLLU,75455
A1SGTL6LGLW4DK,64005
A1SISJL5ST2PWH,21785
A1SK77UV16VAHF,41008
A1SL7TR4O50S4H,53971
A1SLCV4PLYB9GE,78921
A1SMTECZU2UDYD,68247
A1SORFEQI1J23D,10748
A1SOT9R4BYLT7W,60962
A1SOTHUPLPFGO3,60161
A1SR4WNS22UM0G,69619
A1SSU9086VGUC5,90808
A1SUMBJHQ1XW6X,34599
A1SV3650LO0BRG,23738
A1SVQRLUX3Z8S,68502
A1SX34VJJMAL8L,23596
A1T1AEINF4KTWU,41446
A1T2VJVO106DJZ,94388
A1T429RLLFTG35,87109
A1T57D0TZJX1RS,64785
A1T7EB1WEDCMXV,36512
A1T8ZBBVJC0N3X,20251
A1TA6THQOPAHQ2,28438
A1TCV0DV217RZT,60806
A1TCY2MOSS9OHB,10028
A1TDH1OP3FR14,66720
A1TFYL9A6N23R3,60533
A1TG34GJ1WTN0C,75214
A1TGGZM20185P4,50230
A1TH19F5P6WKNF,65920
A1TKZIBGTP7FE8,56696
A1TLMXYVKKRWMZ,22785
A1TLPOT809ERIH,82285
A1TM3LLCKLP5Y3,32851
A1TPGXT718D68E,25697
A1TSEYZHS1G296,15774
A1TUO7TS01U3JT,25927
A1TV4ZM6ALVQV,62488
A1TXCO12MCTP8P,56597
A1U3CFLY7XF2RD,83641
A1U3VASSLTPZQ5,31102
A1U4YTBYUAQRE4,54080
A1U53T09MJ26VT,28810
A1U6GJIOQESHXL,77468
A1U88AZO46E8G4,79148
A1U8HIOOOTCMW8,16666
A1U9OFN61RWNTL,66111
A1UALBZO3FVGTI,59860
A1UBE4HO69THNS,63463
A1UBLIWJ572DMH,29575
A1UHCA8RMB5Z4F,60924
A1UMMLAC4K7PS4,30883
A1UOP419O6P55R,49560
A1URG4XSUU07AK,87638
A1US0F7CIKPTSB,98137
A1UTNAK70QH9JS,29978
A1UTPYXP4BR4VV,87318
A1UVDOK1CS6EUM,17106
A1UVU0V2WD59ZV,66225
A1UY2W2FL9CWN,48150
A1UZ91EFSJFUM8,42782
A1UZP9FEEUA1VE,10454
A1V5VJE32G7HDE,14271
A1V6OS2QC23NU,51197
A1V74XPZ7AXHTV,70646
A1V8M8BRL3ASC9,34154
A1V9JSEJ4PGEEP,53868
A1VBQOPBCB4OXP,16479
A1VDWRF523BEIU,73408
A1VE07TD8HFUND,11394
A1VE6VNQJO0U88,98805
A1VEOI1H4AE1T3,44109
A1VFU81UY7EKWB,28474
A1VFY40VFZSA91,63689
A1VGDT09FF8B2C,49407
A1VHDS3VZJWK9U,46691
A1VJ7EL0YXE6XG,28653
A1VM4L98XS3DD7,58960
A1VQHQOFF6QT5L,42963
A1VSEDABJFNUVQ,38360
A1VZJLXV3K6UTE,19833
A1W1WJVHEGYAV1,37373
A1W2CE9WQ6U9WX,64273
A1W2GDEZ8I25MB,71526
A1W4BDAHAHUMVZ,22125
A1W4MG80GH7909,53432
A1W524NTRUGJGL,21969
A1W5ME5CLWA7S,90753
A1W6KZG14ZOD4V,23250
A1W6VPW5ZYSCJB,81620
A1W7R6UX8R3IUJ,54540
A1W7T8V97ZPUH0,18116
A1WA2NJMN29IUM,20179
A1WCMAQ0COR2CQ,80932
A1WDKH2DYOYE8X,15961
A1WEUI7JWQNKT5,48478
A1WFMSRVEVM859,34283
A1WFOILCQ61HJ4,51505
A1WIFXERYFP5QK,83786
A1WISFBL3J5Z12,31669
A1WNDP6AX6HWRT,20109
A1WOUU2XHKU8Q1,30576
A1WOW11BQCD6PM,68996
A1WPQ6SIWESKGC,95288
A1WR3HM0VU3LAY,19301
A1WSCND5HZZV5N,70122
A1WT2CM71Z9MP3,58990
A1WVTRVITI3GDN,50546
A1WY2RM4NFA5K0,58353
A1WY2VU93ZUTM2,81838
A1WYAXJFR7V9ZO,72290
A1X0XD5VARII6H,78415
A1X2B5J8Z02KY4,67851
A1X345H5ACZ3QP,46111
A1X34P1ZIFTNFI,63280
A1X62BG6GJG2BQ,96046
A1X7FVM9URL2CR,13075
A1X965ABM1YODR,53561
A1X9S93YK5IYG8,86325
A1XBL6U86ENHDV,46810
A1XCE4QWZ9ZCC2,17165
A1XCJK35GV9UO9,59006
A1XIL0Q9W5JE4Q,83017
A1XIXGOB9KUMPJ,91387
A1XJFDH9B63O8C,26717
A1XMC62NYIZOU7,48477
A1XMFODRPFWKJ7,51375
A1XNLTONF9CJVR,42864
A1XOORV7G5IVGI,R_2cd2pOUUQ7C6Vyu
A1XOWG2DCD4TUV,92219
A1XPDQT2XLZHAD,23876
A1XQNSBDAOF66C,32926
A1XT18HD14FKF3,81025
A1XVNWOWUMXGVA,58183
A1XWQ3XI0GVRYG,76990
A1XWXMST0UBT7W,31120
A1Y3WF3641GHGZ,98572
A1Y7JQGP64X6RI,93776
A1Y7SUOJIVLR4E,85501
A1YBH7XR33PQ7P,44078
A1YC7FF72ZJCLO,24250
A1YCPB5INBVCGW,i didnt get a survey code on the survey with the gorilla/man post
A1YDQJXMEUVSY7,37510
A1YFL5HXPZ7MVV,62775
A1YG5G9XUG0UFI,53792
A1YHS6MUJAY11X,53754
A1YJU88NXC2N0J,63465
A1YMF916E6DM6Z,55703
A1YQ7QQOWFU939,81027
A1YQW5R6JJ3TTP,82910
A1YVS60OSWHGW5,43807
A1YX4L09UWWXNS,35545
A1YYO9SJRZ6LUY,34951
A1YZ0H8OCOEFC5,30352
A1Z0OXPK52VETL,20637
A1Z0ZWDKKY3IV7,65341
A1Z34A6KVTTJQL,95345
A1Z3WCHGUX52GG,14548
A1Z4KZREVQOVNU,56564
A1Z5NE2EYZ6QOT,89577
A1Z82Y9E6YWY80,97263
A1Z9047WDLUHH4,50079
A1Z9C87IJ1GQ9C,32873
A1ZAK79QAHNW2J,89398
A1ZD9SJXQ9C6EW,24812
A1ZGHUDVAV81O1,47716
A1ZGLO0466I754,24277
A1ZL634MK23LIH,61055
A1ZLPVR2UX5NKS,12242
A1ZLSCWRCVDPDS,46193
A1ZLZA57I8DZMM,43729
A1ZM1WQELLXD2V,24473
A1ZOQ291WWJR8I,75632
A1ZT0TLZZTT47M,94046
A1ZVHIDKZD0S31,91613
A1ZX51JNJ7UPJV,63432
A2039ZVTHSL1SY,65972
A203KZ01LO7120,30990
A204HMX6NOUB7P,93093
A204I882AXVXG9,39368
A204SSQCQZ7ZVH,64967
A20756PXUEX1H2,35609
A207MWA5U0GWA5,57126
A207TJIPWDJAQZ,49901
A207ZTKNVSWHMY,11314
A208DRX0TB26QD,75504
A208F2PSMBFG0R,67876
A20C5C3AKGES8M,51821
A20CQH1OBJDADD,34425
A20DC7GZSACUM0,64357
A20GD3EBBTBYY2,41256
A20GS82KRWAJZ3,85473
A20H525I5QNXXI,97705
A20IZB22PKT7PC,44108
A20K5LFX30HUBX,68829
A20L6MTSGNEBCT,71345
A20MMXFQORWTUT,36852
A20NV55T04AKYR,10076
A20Q7CEDAUL4FR,14943
A20Q9LIYPHJP56,84689
A20SLY8R4RRK8L,10170
A20TOOYZRH6KUZ,17068
A20TV5T78U877G,46004
A20UPI9DKK3X72,98407
A20UUENNBNJ1L9,75590
A20YC1JBE6C4PQ,99039
A20YGFCRNDTD6,48468
A20ZNAP81B7PCO,74960
A210JGTRF11SFM,50643
A2113B699TVADG,73635
A211HK32QNTYX1,17709
A211P7C2WSMSD4,44538
A212P9LUF0URRZ,23843
A2137K4XEU12TI,77025
A2147HO7VBGJCU,64308
A217DANTQBBTW9,19859
A219VCQZADQ45W,32410
A21DO7HWUA6ZAP,62995
A21QO1ATFQENQX,16138
A21SOKGW9Q5WPO,47539
A21T97KDI003LM,40544
A21TRYCBFCGZ3Y,19417
A21VSWO39YO5KM,44533
A21X3EDBXCD3EA,32177
A21XQYRKFFHL4A,50589
A21XT2U4QKH2F2,91067
A221EU8L5R2IXV,43337
A221HSSXZQ83ZJ,44741
A222GZB608T1B8,19834
A224ZKQ83DQ3P3,25111
A2251X4Z0421VE,65829
A22692W7P1BK2U,97281
A2294RXUKK403X,45891
A22CQXAZ2QCU6D,21087
A22CR5N42WF567,89456
A22DIX2U41B10U,28876
A22FL4NFSXTVN2,60047
A22HIX1M4QXZBB,56570
A22JLGUKLCFHCU,18446
A22JX0Q72601SW,91544
A22K9QQ6O40E4I,95857
A22LFSY4F2ZPJ0,85249
A22OIBNSC3J5OM,34807
A22SMU2MZ4FXYV,31693
A22V2N2DVR3UHD,90518
A22VT515WQ4SQ8,51827
A22W859N1XDKMH,98028
A22Z670Q03SSQL,42819
A2355KGXL1CU4O,87830
A238KV0ZMJCJ6I,73785
A23BAVKPFDIBJM,41498
A23BF9UDTULQQQ,58480
A23BITPVWP3DD,50592
A23FNM26YGL56Q,15946
A23FQBF0DE3XXP,50488
A23GMTE06W7ASR,99179
A23HJQNHMGPIWN,69199
A23I347E5F93YT,67605
A23JH0ZC9VM1JJ,86969
A23K855BXSAUPF,10484
A23KN28L2Q53XK,52791
A23MIO4AHU5R8F,84480
A23OAT3B3UB3HE,35829
A23QJZ7DXHX7PF,76886
A23RDO5LB3N9I7,48437
A23RQ80AGGXYKH,21472
A23UYFZFSBYGLJ,58359
A23W0UCHUKYR5S,68880
A23WFXKNFPQPBH,14243
A23X6605SAVFQ2,49342
A23YMUAHKEK08K,49308
A23YQ8J1DNM084,36364
A23Z8G9ARHNM96,81648
A23ZN2MG4SFRQF,53015
A2400K1ZSJUKAO,57474
A240OTT1T85UGT,76718
A240SOEWIWULOH,33353
A241OXM83X8OYF,90712
A242KT5IMZHZ1G,96054
A243C0D59TLL7O,79848
A245FP3JHOIRW3,59856
A2465N9MJL69UL,45416
A24763PS4JC2JF,15936
A247TCDIBB07JC,87511
A248DKTPY8M2GB,44937
A249LDVPG27XCE,55628
A24APGD3ZKM9UP,76592
A24BRTWG07T53Z,70619
A24BWRNBCHOVL2,63148
A24DS0DW1M1ROJ,70710
A24GNVI81OZS3X,28082
A24GQA8VKIPZBB,28784
A24GY3MMDG63PB,25064
A24H0KXFIND5K9,96844
A24HRPSFEHYNV6,70803
A24MAKLZSIT8JO,52116
A24MFG85MBQPVW,19399
A24NKUCAX1LURL,91905
A24NUJ0TMY0GBG,88769
A24S88P8055C15,65105
A24SZKY1SHCJ0C,96642
A24TA3U44A6R5R,15782
A24V72V60OXR98,39054
A24V7XV56AO3HE,99711
A251BAG8OG35Y1,99091
A252OJSOT5LYQL,41641
A2549GA1R8X1YQ,81945
A256O52IFN208A,83972
A25F4VG7W3BTWV,48566
A25F677N831SP7,49198
A25G5DN2BYPQC,99924
A25HI5HXUJ0FHF,32821
A25JG4MNQJC6H,56893
A25N802S4J344I,48901
A25NV4EV58JMAJ,67863
A25OXA8CFY6XFZ,34463
A25PFSORDO3SWQ,72931
A25TC1FR2OD545,84995
A260T9FEXK38XX,73209
A260WXX7ZUA8WD,60507
A2615YW1YERQBO,27479
A262M5VGNQWDWN,58387
A262YEPP7TVFWA,89972
A265RF45B0YOA9,55870
A265Y95XHCU9AH,70425
A267PEB2CW9K3T,62487
A268H7Y4AXO0ZT,23301
A26DIJDXBBXPRO,58264
A26DM1BK82SR8U,65766
A26F7OWQB4H0CH,47016
A26KP32101GUFV,90760
A26TOX2LOG18RZ,62863
A26UAJWMMNN351,68912
A26WVAVVE1RM47,77828
A26XKTGGGYBI4J,24054
A26XYWUIZ171FA,97314
A26ZENZ5G8AEGM,43725
A270TE5F4YDKIH,28041
A271LELGJ8Z0WL,38627
A271ZDEICCBV62,69386
A272OOEOW5UFPG,86228
A274511UHE8LY4,74190
A2769F5STPNNSN,90881
A276XK6HT76JZA,47599
A277TORAC9OCGP,83589
A27A5HK8MFZPJ4,94367
A27BN3L3PUVO39,74420
A27D4A938003Y5,74492
A27ECK0EPGXDBI,65224
A27FBJN2L7LR4S,79276
A27G73SC8FOI19,11189
A27JRR9VNGHM79,29393
A27K2NABSOGYP3,92528
A27KLDW73W2G9Y,14735
A27RS192S3Q5EW,40224
A27SW6Q9OK3FC2,37283
A27U5IATVIXPPD,97835
A27WXZECRGIMBF,94291
A27ZLCP9AXXNVX,68913
A2803ZK05KU1ZL,74006
A282D1111CTH37,79082
A282F11HU9DCT9,28611
A283OKZWYQIIVY,65858
A285KFY8OXXXG6,35933
A288RSAGJBLY9,43947
A289D98Z4GAZ28,58274
A28CTZ5S34WNO3,27201
A28E5BCUVMR6L0,22150
A28GTTYUMIHAHS,85810
A28HB7240OFGEW,89642
A28JWKICT1X73Z,97672
A28L0Q6S2GGBJQ,57602
A28LOT01MYVYYJ,83095
A28O14EZHBC2U6,78783
A28OD52SMLYQ16,22528
A28RNN56JS8MUX,70181
A28RR7H7BMA8IW,54279
A28SE5INYDUCXB,75830
A28TA25NJGLL3Y,87295
A28V5XY8A0R6Q5,27111
A28WXL7TYGW0EG,69402
A28YCO2535EZEG,72839
A28ZADY8SPKMHX,15150
A2902FWLHHPSDX,46332
A290G3JXDUPLB6,74134
A2925Q0KKHG8BE,35905
A294K0RV47W52V,67643
A298M23CQCOSWD,36201
A29AQJ4RJRZ9MH,39576
A29EHRCM8MT04O,16488
A29I6FPS9ZZXG4,42736
A29J4LL0MQL3AC,74077
A29JLQM1XAZL94,57672
A29JQ7VMQ1HKYP,41716
A29JQKN8Y3INRO,16033
A29K0IDKJWKEIV,40424
A29K74VJOD6YL6,31277
A29LD11IHBCL5N,88401
A29NYI2VDQVHF9,44558
A29P78WZHX6QJ3,14227
A29QMAUS0OJY23,96687
A29VMB41HXBFK,14023
A29WCIZQG3X43L,70219
A29YXHN06CWTPW,49922
A29ZBQCUJFD6S5,41716
A29ZJDEIQKIT9Q,61567
A2A19ZE7RFE9YK,61032
A2A22YTFKJ087P,30034
A2A26J0H5YQK9B,78206
A2A2DB04RVILKX,56783
A2A3DXAZUV38WT,62869
A2A3FW4JIDUNTB,25556
A2A4MCD6TG88ZB,60520
A2ACCNBYP6A7PO,11771
A2ACLL3ZIIHLW,48326
A2AFI34Z98LHRE,56648
A2AGBQWEJJQM9C,15023
A2AGG3ABV2F56K,65470
A2AGTJIYAZ9ERI,73242
A2ANBZ6ZLX8B82,99967
A2AOHAIMMJK74P,77863
A2AOMP4ZFY8OB0,11727
A2AQHNDSH2TG3C,75952
A2AS2Z9P0VV2NP,46492
A2ASWA01M4JZOK,14429
A2ATMJRPF86PSM,77222
A2AZXNU1TTHD07,14483
A2B3GSJUVSSULZ,39873
A2B4KHYS32FF4E,55379
A2B5HZBQ6C3J3L,19428
A2B6ZXMM6ECZ71,15801
A2B7AN7GHTXJPR,65833
A2B7NG7ZWW0IJY,25173
A2B9V70J9P8BH8,15154
A2BA1S5LNDMNDQ,99977
A2BDBRXYJSWVXQ,97199
A2BEI6YN39AB93,36915
A2BF2FUO6F63N7,94630
A2BF5LVH8T1XOG,15562
A2BKI4PVE2FQBB,72701
A2BP9EC799ITZF,72067
A2BREH6STESM0G,58168
A2BV8T5P0AUXNW,33222
A2BVVLZR3FIJPA,89242
A2BYPR1L7O8SUC,42751
A2BZEQ92RUBCQH,86276
A2BZSAELJE8Z3,56339
A2C28KN7U1PS66,4488
A2C3FPR02NA143,44992
A2C54JB2A8I1YO,17575
A2C5OWUMFG6DLX,82845
A2C6KUVF0FAIY8,66404
A2C6MOP5V0TZKC,36923
A2C7PL0UZ6QUM8,96531
A2CCQZMZ4DSVX3,26634
A2CG0SDSBPVA3N,16266
A2CGHAX1U2DBMU,49178
A2CIRSDBG6NQU1,45286
A2CK2GWGIAK15M,32068
A2CKBDC8G3PWCF,98048
A2CKJSSFH8COKU,14527
A2CLGYPCKVH59J,79418
A2CMZK247NRO96,56544
A2CPLWJFQCNQCN,85388
A2CRCL0Q5X3G0M,31026
A2CRDHJQK5GXCV,88558
A2CSV75E3JT58Y,48951
A2CTBAHECDQSIX,63309
A2CTQGFM7ZWNYY,38022
A2CUBS3N991KOJ,33439
A2CULRJWN6ERC1,89317
A2CXM854BXXO97,36653
A2CXUPLATCFNV0,72868
A2D02ZOIXVV82V,29456
A2D0PEMJEXDCAU,77684
A2D1P8V5YPI6G6,63847
A2D28BVEFUUTMO,76253
A2D2PDMTB0PC7O,57464
A2D3SCX9V47DKA,35018
A2D58OCEODJHGU,21415
A2D749IVOS2YZ4,92469
A2D84R95NDZ2NM,52966
A2D9FH73C1F1LW,98785
A2DAMZVSAA88FY,49335
A2DAUWE9TXJFRI,97256
A2DCXOWFHR8CAN,82587
A2DDY1EG1U8IWB,21343
A2DEASVNI2RHUX,91278
A2DGISPQY043PB,35289
A2DIVWCLCEJQZ1,94740
A2DIWI107JORD8,69889
A2DJ7GYOOEY3LE,81217
A2DLV3WN24WTDS,52448
A2DMGCZL38IM7F,46021
A2DRUF9AJ5OR9X,81187
A2DUECCW9LXYCQ,94698
A2DWSDNU0DMVQ5,96793
A2DWT7TO7DB5GJ,86020
A2DX27FIUVZYB5,80913
A2DXSNQM308NHW,36435
A2DYVRFNZG5GJ,94023
A2E0KB70CJ482,83016
A2E2SLXF4KQ3S1,83876
A2E3TT3VQJA7WA,45587
A2E6ATOZRU59BQ,26313
A2E6Z6NDAES26P,24727
A2E8LSHKEXOWLH,43181
A2E9M97EHQ8KS3,86316
A2E9UNDT8CAPHJ,83444
A2EDAR8J3DIQOR,61100
A2EED3HLTA96CP,68676
A2EHH4S0G1TSQU,83179
A2ELXYKRPPGRPB,97477
A2ENUCWJHD9W62,76526
A2EOCGTF6XS8AO,95010
A2EQBYK0LQSCQJ,79942
A2EQIHM8IOVZSD,86857
A2EVNHADN61T90,64107
A2EVO0JF0V6Q1,36558
A2EZ5YR6PJ6XX0,11176
A2F02S5813Y88Y,57706
A2F0X4LN9N4O4C,36791
A2F0ZK1ABM3CRX,21604
A2F1W0RUJYHNVD,15502
A2F7D7UYXO1I60,19966
A2F8NXRMUUV7J5,72641
A2FA68RTAOBFDP,91749
A2FAWL28D6E07C,15735
A2FFCQ9WU6R764,93854
A2FG2AWW1G460N,60146
A2FJIZUHR6E4EZ,18553
A2FJPK1A6DO6UF,41124
A2FJYDSAE26ILV,19018
A2FLBMZ38IZ2SQ,39658
A2FLVA7TK6T3MA,14346
A2FM2DDII3WOFF,61605
A2FMUS0PQONIXJ,59445
A2FPU7FZ0R15DG,90958
A2FQ5P5GUUVKC5,56513
A2FQVRBXJZQAWT,17878
A2FQYBUXX97P13,81540
A2FUF8Z8WCFAR2,24921
A2FWZ6J3IT32RJ,55488
A2G1DVO4GT7JQM,81350
A2G23RE33ZMMAR,43709
A2G2QGH0QEUEZ8,61485
A2G3G60TB7HCJE,34050
A2G3JPPC4X3CW7,12850
A2G43KS55YGYQE,11048
A2G4R0GS677RC2,13891
A2G72MD6J4W9P,87313
A2G7N0X0PNX0EE,79472
A2G7S9HDKYD607,23148
A2G8SHTCXMQPHY,24725
A2G8YI7U9WYSST,69229
A2GA15I7RACHTQ,98026
A2GC6RYOYAZAP7,: 45997
A2GCOIME3F0T2P,90607
A2GDXQGEQT8RJJ,98418
A2GECFRHDFMOQE,44293
A2GG013UMCC9MO,61719
A2GJBE6D4GIADZ,56697
A2GKGD7K3P3U09,33046
A2GM1ZIBRBHBK7,15326
A2GMCWY993EEYE,60776
A2GRL5KL642EVA,90255
A2GSEVQX5278XU,12138
A2GVKAY7YO312H,45049
A2GWQ4Q0FM2FG2,71911
A2GZIMSKIPWHLC,14936
A2GZNOA5CIVKUB,57991
A2H1BG5GKN42ME,42334
A2H2Q4Q03APTMH,53966
A2H6NMCP6LDAC6,20735
A2H8BGDT5I6TFM,97392
A2HCPC2V4OYFDV,62471
A2HFI7VEB9BVJ0,51548
A2HGAAP1NQW1TG,89448
A2HJV21N7I6NWF,92282
A2HKVA03AVZRU2,33915
A2HL3C7FSS8BSZ,86553
A2HL825K192I9Y,60329
A2HP2YBJF23XCY,73172
A2HPQYFWN2IWE0,26839
A2HQOSNTDE5UKV,82955
A2HRC47IPWURNV,99216
A2HSX08DWDYJU7,30258
A2HU5Y76EVPPU5,60121
A2HUWXLMG2I4BI,75724
A2HVCKK8NOTFD0,54025
A2HXVZU9ZHFK27,64361
A2HY3S6OQONKC1,43265
A2HZV0GZCOCAAN,26617
A2HZXDUXM4KOBZ,57903
A2I0DSEVTDPLC,25951
A2I37S7GQR6X1H,54553
A2I3EMSPSOFC0V,33369
A2I61I62R2XCST,57290
A2I68BIV4JQT2,77167
A2I6HVUDBTGD1,56601
A2I7HNFJ5CHXH7,63062
A2I91V5ULZYYU,54229
A2IA0NCJXR13U3,92681
A2IDZ3JF5XPPLS,93614
A2IE47OH8HE10T,23016
A2IHXTGWRC8SVQ,85942
A2II8Y81V90TF3,64189
A2ILG1P5F9S9ND,44334
A2INWNJ5WQJ5ET,60889
A2IQW7R7L2RZAW,23245
A2IR8YL6FRQYHR,80639
A2IRQSOP58F860,76721
A2IVGV7FPPNRKB,21328
A2J1QH8F9ELL2P,27130
A2J4JVKA9DPBJJ,47236
A2J572LV8P3S3,94408
A2JE9N5B0TUTXB,49559
A2JG4JHKZ8FJI6,89542
A2JLOQX80GRU5C,15352
A2JMI1YXGJBR9D,57840
A2JMUV03Y7WLMK,69414
A2JQZKNCEPTSAJ,14843
A2JRX7I422OIMS,21305
A2JT93NK7GU6LD,93108
A2JXHVL7A8LDDH,87048
A2JYKLMUFIVVNK,56133
A2JZTR2ZSALGH4,86967
A2K0L9M1ZZO5C9,18105
A2K2MSP0EFWFTA,22932
A2K2TI4TXWTRKC,95445
A2K4URC4UPTLYS,95453
A2K6636ADV0TWC,22494
A2KBZ75HMJ7KVX,52805
A2KDZLWD8RAHDM,23176
A2KIMUOZFTQF8K,25018
A2KLIBLDVDV144,43811
A2KMSMWFQINR95,71700
A2KOYAIGWDM4C8,59368
A2KQ77N4EYAUO3,29060
A2KSINSXGUVEMK,39336
A2KT30RCVX67ZS,30966
A2KVT3ELNZYMD3,99445
A2KY4GQSDQ7ZT3,79269
A2L0ZMW3AP5K60,87232
A2L2E6J3D23CN4,59140
A2L4TDK0CN0X71,35933
A2L50T8CKUP374,21619
A2L95KVED320LJ,96724
A2LA0KUZH2J1A1,19989
A2LB6A57BDB1X0,46334
A2LBCSPBLS21MM,89312
A2LBYE8RUQBQYG,33932
A2LGGK7S61RTL6,10288
A2LHXN1YH0WG99,16136
A2LHZMUV3Q81X0,62659
A2LMZD1W7U1RRD,25028
A2LPYOZU5SSTN0,62976
A2LQF68XUEHZOS,74856
A2LVI1G77QRBM8,73044
A2LW7MR7OP748L,93934
A2LX1W99CY7CZE,42303
A2LZ2T3TBRUJB1,82497
A2M03MZWZDXKAJ,88104
A2M1Z3QVV5Y3AN,93793
A2M29HRESIBU7I,52187
A2M2HLOKLN7FP4,28935
A2M2U7XUBA4CAN,31365
A2M6LVK24QTSFP,91777
A2M99QLVRO60WZ,98043
A2M9Q0S025XT75,64349
A2MB544BNGXAY8,46862
A2MFOYU9DE5IRM,50252
A2MGF3SVD2IYYE,58682
A2MI7L5QRNPV1Y,22878
A2MJQG58XN41OW,71190
A2MJYUBFN0SQRX,58358
A2ML7ATI15HJO7,91760
A2MLPD4FNS2LT,11371
A2MLVYLROZQL7B,52700
A2MM1WY6U22OZG,95988
A2MNPKR85EINRT,53162
A2MNYGPWR8PG7L,78151
A2MO7ZTVPE52HN,33790
A2MQY52BDB13X,40832
A2MTG9A2XFYFN3,82514
A2MTNYL8Z94K8L,89578
A2MV1R6YYOIO30,79727
A2MV8ECSBXD6SU,84626
A2MX5YW3DSQ61W,79176
A2MYLV7DGUL42B,14766
A2MYRZIJBRBFY8,98815
A2N20DZGPI201O,62605
A2N2IU3MI8IJ1A,81866
A2N65Y36YB347W,76566
A2N6XPJRQCVN5W,50348
A2N7QO47NCI7XZ,58833
A2N8CRZSSKEDH3,46801
A2N962G55T9MOB,24477
A2N9WNWD5GPM6O,74429
A2NADARZK53G97,35104
A2NCJ3F5S8WAYS,46409
A2NE73MQ4NNG6D,94958
A2NGQVFMEXXA7G,31476
A2NGULEQOGTQL5,58692
A2NN0IBW60H3NY,36549
A2NOAEPXAMJ6FS,15922
A2NROIM02GGFJH,71929
A2NXZIK5NTML18,15017
A2NY0VWEWDULC6,71430
A2NZ45R5TUU99H,62182
A2O0B9KWB7RSTO,12827
A2O0LGNODU04RT,54507
A2O18P0JZN2ICM,10881
A2O613LGKOMNGY,53485
A2O86E23R5T4YO,37843
A2OB3E5BBGUVU7,60854
A2ODC9J8H6Q6GP,41582
A2OE1PSWQTMC52,11731
A2OETAZM3SMWDG,34427
A2OFVEA8BEJDZN,49479
A2OG7QWTB0Y8T0,63799
A2OHW8PNSCKA5C,15081
A2OLT4A3DUVD5J,40877
A2OOS7IXSKJFFI,26234
A2OSK4VP3ZOV7O,85391
A2OT8DKBKWRWUW,13022
A2OT9ZJC4MQBS8,93816
A2OVK2Y9824S25,65184
A2OW20LXL2V1EL,78236
A2OYQWY26O3DTR,26226
A2OZPDMRFZM1BB,44479
A2P08N2M57XEOE,96192
A2P21BAUR2XSUL,88962
A2P2GJ3TLYTWW3,53431
A2P2Y9VTSX41XS,92807
A2P34935JXKV6,61188
A2P5TZOFBLWU2Q,65778
A2P6WOANMN4Z1P,86449
A2P7B2BT4J9D5U,75040
A2P892H4FTO9R6,71666
A2PAQJ1JLCPW80,88175
A2PBFKNWWIIAO8,77097
A2PCR8QD4GNB1K,41574
A2PD1J75MLX61W,69380
A2PFKEFE3X1LWK,65842
A2PGB7OU8DJT8O,63245
A2PHXTPZNT72AP,10317
A2PIUVUCDOTOTM,55887
A2PJBSDDN22XIX,78498
A2PMF1QVM6LZHL,22593
A2PMYCKSZF5KTH,44834
A2PNLREPNT6RLJ,18484
A2POZSQDZE5C10,28763
A2PSU15S8ZI3V5,72863
A2PW4QQYMPCEHV,34926
A2PY54NXSVY9K,84644
A2PZ7CNBB7949S,11318
A2Q1JUSJ9THUDZ,95071
A2Q24P16207XR4,48995
A2Q2L2Y0AIMULI,24405
A2Q4EQ32HDMM88,77570
A2Q61TU814LSAA,12612
A2Q7OYBC1ADCFB,38148
A2Q94OUSE8HNRR,84147
A2Q9BI3EXTV319,29305
A2QABS5PO2AYES,19013
A2QARFJK52GH8D,62197
A2QD48WPH05Z6U,24488
A2QEU2K0E5LEZH,19229
A2QJW95S9H6P4G,97458
A2QKQ70MEBR144,33627
A2QL9MM4WO4BFO,73139
A2QMRFRQW86YTS,11658
A2QNLENFW52IHJ,11107
A2QPOM4LNNEZE1,82520
A2QRY5HDSVC1KM,99479
A2QTNHQYS7VCP4,30151
A2QUSCZS3RXGXE,89359
A2QVI3NRIIK35Y,79089
A2QX1SJXQN1NV1,78852
A2QXUO7U70V7HF,37384
A2QXWED78VRCMQ,20691
A2R2C9UIX8E4R0,51777
A2R2ZA0STNZX9S,38845
A2R6MYEM2ZAEXX,59513
A2R6UQCQ8T3RZE,39699
A2R78G4BBBYO7J,41890
A2R99OKTW7QVER,29173
A2R9BKZP089TVJ,35480
A2RBV8QKS4HQY9,15081
A2RC9V49MHS973,24081
A2RDJT4HCMCYV6,13720
A2RDRBB3EHQQN8,73788
A2RI0AS0K5VL8G,82459
A2RRC9UUK6T21E,96567
A2RTVJQZTJQ98Q,59444
A2RUCK6UQTR4U1,16293
A2RW6R59P9QYFA,14548
A2RY593G65CADO,57754
A2RYADTQSNGAE1,66674
A2RYO6QPTPBHC5,15152
A2RZ2KV4668R58,98518
A2RZFPCI744BR8,90678
A2RZLYO5QJT4AS,58926
A2S068KS7XP0PP,83499
A2S0VPOB6SIRXZ,15478
A2S3K7DK3NWEVD,22496
A2S50UOJYIMVZC,31816
A2S50YCIMWQMU1,88395
A2S5ZALY1U3NUR,83258
A2SB6KM49UYIX9,57796
A2SFAZOEJJQOMS,88769
A2SGA7BH664ILR,20450
A2SH17MQ49KCSO,61074
A2SHOFSQGLTOCE,69135
A2SHWQ0ZA5SAM5,55806
A2SIMNEVJOJCM3,56989
A2SIUV7UC322WV,71338
A2SKMVMT6EVAZZ,39746
A2SLUPQDRVWI3G,51453
A2SMP9EQRZK5YI,27022
A2SR4PNIZLNRHT,82323
A2SVMTZTGNHHGY,90396
A2T08GUQBPHD65,47751
A2T4QOZGI3CYYP,68638
A2T94HL1TQZO5I,82867
A2T9D0H880N2B5,13603
A2TAFLACRRV5EP,96321
A2TB0EZ4V325QD,22375
A2TC7B46WQ695O,47181
A2TI9ZTXN1GNTV,89537
A2TIQW0SWBTERK,55338
A2TJ7Z59VQOUMN,19306
A2TM31UYSYYGNU,44154
A2TS41VVMZ2WI2,87265
A2TXC8Q2IFGRXH,38921
A2TZVJFRJ5I61B,41984
A2U02CP6019D1Q,34642
A2U3723LKNMHAI,28263
A2U556B3L5HSRO,75109
A2U5K7X0BN3SUM,72847
A2U5OFMW8H30PC,57306
A2U6BGDMNJMEV9,96559
A2U7KXDD7AQ87C,53357
A2UCKZZI9KBBCV,59674
A2UFG00OZRP21D,70580
A2UJ9GDNVPX99C,37411
A2UM9PEWDWXFC3,59067
A2UN4IIOZR4B4S,75716
A2UOURWPFGV8A4,24838
A2UR8ZKKO51K5N,71171
A2UUEHCSMGXHW8,52920
A2UV6OGK76B4BO,27581
A2V15VB9NXX94S,42704
A2V1TRRRG3IH54,79018
A2V2HTJJ259DZ9,98206
A2V52EPUHA67MN,13224
A2V8S6SKSE8TLE,57929
A2VCCBAA4SGQOY,19069
A2VCGRD0SCRBU,53450
A2VDU4TTDDVK4B,89250
A2VE10RKY32G2X,68337
A2VH1DVHPNFGUG,14056
A2VN8Q8X7WWIM,10942
A2VNR6984SDFGQ,11922
A2VTO3NSNHCAWD,30846
A2VTSIPX9JWZ5W,17840
A2VUGB148K6QFH,23042
A2VY5GKTXHLC8Q,94590
A2VZ2825ENVLEG,80022
A2W1EIVLN6JCLC,92829
A2W3GBKJYNLW7O,36813
A2W4DO745WMPDO,12010
A2W5IFQ1I9SF2S,94249
A2W91LUNJYMM4N,69303
A2W9IRWNCN1803,38895
A2W9ZW1KU0ND2G,15454
A2WB0K75JZVVR,94468
A2WJAE15UM9WHJ,90942
A2WJJSSVMAB7Q3,48835
A2WJMGV0HKQG3Z,47000
A2WLGVXAVT2XTR,34247
A2WM6CDRH3RECD,98623
A2WMSIPUKEIBNS,80161
A2WNW8A4MOR7T7,95588
A2WPBLGDMH0N2E,48189
A2WPWRY4NUIZDK,17389
A2WQAWOBBTPBS5,85431
A2WS9AZMKQQXF7,27422
A2WSNXVA7LQYSG,63132
A2WTM6VT9T8WKJ,38023
A2WTSIFVDRSB2H,16136
A2WU2VYT4U5DZJ,45427
A2WV4ZZCI7982H,62874
A2WXWUYSUFAW69,86911
A2WYD12BW53BXV,65728
A2WZ22WG3UEH87,23692
A2WZ67Q97SI3W1,18824
A2WZ943D4XXZIU,79525
A2WZI3QYZRWK6N,67914
A2X5019P6DYAI0,34418
A2X5BYJKVKSYQQ,61480
A2X7E2HWAJ6GST,18049
A2X7YPHI7AA23B,42131
A2X9J2CBD5D5TU,42093
A2X9PPUPJBBNO,46915
A2XB1RADZNN8Y5,37172
A2XBGRW7DUF6PE,35851
A2XBOECLM2BO7W,10638
A2XGTTWSTOVSGD,70115
A2XHMQDSLY32V,74031
A2XMRJKCNKLL4E,76989
A2XN98PQF0OXHB,18984
A2XP9BAT6RAXAI,47230
A2XQ46TYI8K7SB,20238
A2XQ7KZM4YYB0M,34890
A2XQPV8XEOGQO6,28776
A2XRYF0L5ACD2E,17291
A2XS49LRNX8PD4,72109
A2XSFYRQWIR5Z7,82532
A2XWHI802A89XL,85943
A2XXDHGV9SX7JG,57179
A2Y2N6LCV6RK1W,41690
A2Y2PU3GDVDOKA,38310
A2Y2XRGTE3SSRA,33897
A2Y5NCND54RL3C,74612
A2Y5O5J1345CPK,28117
A2Y69684WT44XU,97598
A2Y7YFX3A6X7TV,95883
A2Y8S3M1MDM8TN,60259
A2YABM8FJNHKT9,13088
A2YB18JHC2C7GF,82690
A2YC6PEMIRSOAA,78543
A2YEXLL6SMASK5,71396
A2YI0V1I66G2DS,71562
A2YI3AS37UWXES,46822
A2YK4SV70CYF83,55955
A2YKL6MOUS8U22,96273
A2YLGVEWHRCM3N,65205
A2YO2WPG7ZLDSA,88880
A2YOF4SZZDY176,50582
A2YQ055QR4H1OW,69738
A2YTVS92JJBPDM,78304
A2YU5LTW5IODTI,45079
A2YV2UEBPA5BOC,55304
A2YX27BC5JWP26,97995
A2Z0DI2L5GV87Y,73267
A2Z2OV7QGU10QN,65912
A2Z2Y781XEMRNH,53127
A2Z3BFRLKZIM67,97872
A2Z3O3JOAM2306,62571
A2Z46MP0F9MXQG,18205
A2Z93WWW32EJHL,37985
A2ZADTXFS21U7Z,95782
A2ZE3QLQM0CPAO,73755
A2ZJRPJ1YQ3ZP,68110
A2ZNA1LIITFQJN,20895
A2ZPSPA0R8KSL8,68144
A2ZRL1ZWWXJ0L7,94947
A2ZSY45QJ1WWKY,92413
A2ZW029G7AOF3B,72311
A2ZWLEDD3WZQH5,88256
A3026L920CTLFV,41070
A303RC5CGHJ4PA,40973
A304SGSCZ4WRE4,56620
A304UJAE051J89,28825
A306XEL70ZMQMB,52084
A30AUD0XX5GNIE,29313
A30E0V4IZ1TDBA,58901
A30E4K98LYYFBA,33541
A30E7T1AHY9C59,97301
A30ISAMRYUT3IQ,22698
A30LVINW75GV0V,46255
A30MP4LXV4MIFD,99675
A30O1SZL3TH3CP,58107
A30QFNE9O4DF4D,28521
A30TJER6AVBL34,18357
A30UDMQUJS3KOC,74987
A30UJA4HV28QE5,16511
A30US88GBGBG0V,49989
A30V9FDWCL67KT,92703
A30ZF40KD3W4XN,64947
A30ZJB49LAIE0L,84170
A30ZNKYV7RRZYX,64801
A313G5XV6HFLEW,20493
A314XJY8V1YL12,50238
A3171Z61RNC2RU,53129
A3178EC91U4M3G,19891
A318574M8Q965P,60152
A31BEJ8PNKE55Q,42923
A31ENMUYNFB7D8,99910
A31HVSOZXCUXP8,82816
A31I1DSWUE3IN6,40955
A31IJKXHV4ARTZ,29700
A31ISFT3JWKLJR,94811
A31JDBG4COQLSZ,90787
A31K0IKVDH4INE,41887
A31K7IRBJ9ZQW4,22531
A31K8HO99HZCIC,68891
A31OGPLSM90UIU,13207
A31SEVHODVLU2I,53543
A31SS4AQ481IV1,83181
A31SWJQXNGBGVY,89808
A31TNPYCAW1Q4K,48964
A31VJO7VTSJ3N4,70707
A31XUQFSE7CCZX,44865
A31Z5TPD8QKE26,57737
A323B05A3FCULW,59159
A323IODZ7TE3E3,19151
A326JB0IWW9FOE,90634
A328TZXRN9RKR3,92269
A32B8DS5R6UW0A,52624
A32BF7H451KQLD,21721
A32D2M3HGA7OJI,55152
A32E6M71SVTGY6,26959
A32GQGD6EUJGDJ,66813
A32H6K5SBLBH0X,82250
A32IXFRWGHUTG0,93805
A32JI5OAXCKRR9,73015
A32NP9G6B1535T,53552
A32P2N6VP5REJG,91665
A32V5D6RO4TYRL,53008
A32W1ICQA20K2S,22841
A32WGVPD3LQBYX,34062
A32WLG9ZR0YXUH,71721
A32Z4P52K6ULY9,90971
A330JJZGJL7IG2,70663
A3332PR28P0PET,67963
A3348DCYGTO4NO,48805
A334UFAOO187W7,29770
A334V4Z119Y4G8,34308
A338TR8YEZA29R,59557
A33A8Q29OSATZ3,36309
A33BJ9T67PHQQ4,67695
A33CZZB3EMS6B8,25249
A33DU0VUFWQ5LF,34423
A33F04W4EVT4GK,84347
A33GZS6SU4O20M,25508
A33K25KXAES2TL,92515
A33SS14C7LLROG,19464
A33WJD4Q613HRJ,54519
A33WXTJUOL2PSQ,64990
A33ZXESY9YN7XZ,66572
A341JN8JCY05H1,30392
A34224BOFM39HD,46029
A3445PSI0T6TDU,60296
A344LLSZXN3WL6,21796
A345LN2ZUSR8BA,28996
A345TDMHP3DQ3G,42635
A346UAH34GVOZX,45970
A347RDI3HZOUCY,31668
A348DIWEUQGAZA,50896
A348F9Z2CM8YPT,47459
A34AYCNA4VHI3B,76967
A34D3KNF8XV28Y,71812
A34DM4XX2ADNB7,96517
A34E0AEOH5BVCY,66271
A34H7UVYQTC390,10755
A34J6WUTOV16M1,60609
A34K78HC5PDZU,82604
A34KBIYMGPH924,49092
A34L4JED8UAIXC,81616
A34MJTNSYHE8LH,68014
A34NKRMI8IMXUA,98823
A34PE6MOOYM2F3,12132
A34R9UZ3WCNNTK,49621
A34S455JBOAHJJ,63773
A34SGYVJ2Q1QLX,52625
A34SXS8C0K9GJ1,10303
A34T53A8IT3I1Z,70336
A34W01PT9BQRPC,56259
A34WKEZD04KQ5R,88780
A34YNEN8UUI3CD,91623
A3530BDWB1BQIM,13486
A356OHLRATHTFV,25073
A357W9Z4ZFHDIQ,41588
A358X4QIY1XWZM,92005
A35ASVC2X4ZZMC,71937
A35BY30TC8WCL4,61322
A35CHBMYRAXDNZ,70707
A35D1C63QSSJU4,22911
A35D8WIV6CP70I,12749
A35H430DXQFMNS,92199
A35HQW7759UZ1I,48166
A35KBFY8WONRJN,85885
A35MHHXV5LPLSJ,87027
A35OPLCXYPQB1E,26256
A35P3BCCMBPPSE,71459
A35P8YSNTQ7OTP,12784
A35QQGY8A1FOJL,98893
A35RMG199D0IEM,96507
A35SMYFMU8KBP4,18448
A35SSTKY80F25T,75600
A35TZ4YGDSXSEC,79902
A35W4F00LIK202,31278
A35WU8Y7FBE9XJ,13782
A35XZRK8CZWYBN,95157
A35Z5I09VVHKNS,29362
A35ZQMKGASEU12,11807
A361512FNHY889,52615
A361IHMJJJNU2W,74062
A3633OW51R1A71,97176
A3637S90054X95,87515
A363Q3MOVR0QGP,76131
A363SVHBXKD0MH,37658
A36470UBRH28GO,94154
A364Y06XOIVPZQ,68761
A36B3A58X8MWSL,83033
A36F466IGBG9BR,81152
A36FOHCO9QTZ0H,20700
A36FOZTY80CQ6G,19264
A36FTFWKSRJHMR,96950
A36GG38GU12W1E,36455
A36H3PO6JZD414,83722
A36IB78C6MVA3,27241
A36IIEQB52IQO7,75186
A36KSOJBHO2VQ3,90827
A36MORKOI9SWAQ,76987
A36N9D8OG0VZG9,53016
A36PRTZFECB76C,67279
A36QGCT3MMXC4Q,94143
A36QLBY4J674NK,98732
A36S0DI86PL4J6,96470
A36SN0B3SDMSMI,62107
A36SOAJVCPJ5TN,28861
A36TD34A6Z64S7,87371
A36TSXV3SXLWOQ,45154
A36UD0YBRIWTVL,81407
A36VIJRVDLM308,73529
A36WGC00R5TWWB,1
A36Z8U1ZPBEKDO,66705
A370HKUNXGD64Z,80325
A370QDGG2L1M1W,90444
A374YA1JHCBBFD,97211
A3774HPOUKYTX7,12227
A37FKFARXN9PUX,77580
A37FXINIMIVDKU,42203
A37HT46EG0T5FD,29208
A37JR1K53GSXZ6,41975
A37LMTGP9S8IE8,37822
A37MKTV16MHW4E,37524
A37N4SY8F8PIZ2,42220
A37N9AW7J8JEA5,78333
A37NLY7M76RLFT,26485
A37NQ2WIEI406J,49874
A37QPDC13L25JW,71970
A37RSH7GEOR21A,92323
A37SLQRKOALNV6,25330
A37SWHXIGHW3RI,74898
A37W0GRXSM04LX,80353
A37XBH865833FE,52673
A37XLG68SJE1JJ,38156
A37XVDX739CS8H,38558
A380BQFYVYMCL2,52607
A380SLJP8FOHHW,46167
A385P1ZM11FH5S,93833
A385TZNH4Y84DM,81477
A38AF7QMZXUC8E,51017
A38AF7RJM28PGX,45785
A38B7K7ZO32YO0,48339
A38CDYAQ00NBGE,13213
A38GMO90HM9018,39162
A38GTC1PMKOMV4,37298
A38I9CCL8QR6QG,71432
A38IVICIOEVSNE,68460
A38KCCSGBFR26L,38165
A38KHY10NNFR7Z,93171
A38KKBCQ8KGBGK,30219
A38KX81OC8T9E,81731
A38L8T6E70LVYE,84433
A38MMDL2ALKF0C,15183
A38N2MBXP7IOPS,48134
A38NOKWHRBJGSR,87044
A38QR3QZ83G0FX,22070
A38SI8BLEE7QVH,32468
A38T1D37L8ELV7,47753
A38TZK07ON180S,86042
A38ZLHQKD09JMM,51983
A38ZV8LBZ034IZ,98349
A390HHIXUFDIAB,30495
A3914P24XPNPY3,90666
A392YUIHKW8SFN,25823
A393K47E1BKIM5,41054
A3942QGFYCSDRM,94633
A394D06SIS9BC2,39182
A39BIGZ0L59WLV,99955
A39FDFI098JTP5,11068
A39FZ959WSDWYJ,60109
A39J3Y8YVC6AIZ,23757
A39KOXAFY5IINQ,95844
A39LEVQ5CNSNN4,58034
A39LMDO3R6G46W,12076
A39NQA3C73E1MU,97577
A39PVS41ZLKKUZ,97849
A39QHF23KZR1BG,27030
A39TQ3UB6KQYZ3,29472
A39Z1XPHT5A43O,30175
A3A00UKGHIRCPO,75737
A3A05FW2HAWPBM,72959
A3A06NP65RW9AW,32680
A3A112F529ZW3R,33182
A3A39I5MC9H0BB,93338
A3A4HFNK0DMWIZ,64810
A3A65WOVHL2KX7,98915
A3A8P3QM5EAOMP,23448
A3AAQD0IR9IAHX,17342
A3ABHFCQONKUG6,70025
A3ACWLGWELAGV8,48875
A3ADQ2RLQNJQDU,96268
A3AENMGP1AR4QK,43914
A3AHEYM7TME2TV,78351
A3AIERCQPMB3WO,78735
A3ALS6CCIYS2YY,37555
A3ANPGS4ZLJEIV,51135
A3ANY1IVWHG999,68340
A3AP75LII2NPA,23134
A3AP9VARTGQH3T,25841
A3APAECM98ARXE,21351
A3AQAX7DLEBXFY,92566
A3AR4ZU1478SWY,72782
A3ARQ1Q7R7R3N8,88681
A3AT790ZBYOSQY,51700
A3ATU3VULAB7K2,97821
A3AY97QC71IJ9C,66339
A3B2RLR3YNVGIV,47269
A3B2SL9LM1Q60Z,31920
A3B2YRSMSC2J3T,48168
A3B4CQ6VTFJCP6,88124
A3B5BIOPMLEKWM,35090
A3B84NGQT7Z9WE,68268
A3BE0L8XRKG8GK,73250
A3BETQFPR2I40F,53264
A3BFRV4SWJQOIL,33329
A3BH6KFP6WG3D6,31785
A3BHCB6JP16D72,31826
A3BKPMVYGOH98K,35079
A3BM025DFHXVPR,55042
A3BN69Q9D7RQGR,77437
A3BNDHTEHFRGSA,52995
A3BRM45D5SBG8A,83672
A3BVSTEODKSODS,47408
A3BWZ6V34W8SXX,17435
A3BXTV2SXXU1MJ,93672
A3C3L0ELLH9G1I,83623
A3C4WGE4SOGM1,75109
A3C6603K5T5QGD,32521
A3C8E7YVLNEQKA,72213
A3C8ELPDLOD2CA,29051
A3C9FQEQ9FO4CS,74131
A3CAF7LTD3ORSG,80115
A3CE7DTHIB76UK,23862
A3CENUX9FNOP3S,91723
A3CH7U68PDBTET,41130
A3CIBLIXO17836,46206
A3CIMZPG2OY5ZO,39050
A3CKTW6VXFXGBQ,90963
A3CKVVGWBS4NGU,65287
A3CP7XLKNJ1YL9,82819
A3CPQTEI52BDPB,78466
A3CQBQTVPUZ36Q,88844
A3CTPF03CRIP67,87262
A3CUS26PE0EWC,15204
A3D1QQ8BEO75C6,79836
A3D282V78XEZYF,68544
A3D2P1KY9Y90KP,89280
A3D3X3OH3EXBTM,73683
A3D4Q2SG84NC6,87847
A3D5LWDWNVMLNH,90747
A3D8PPWK0NCTI0,30535
A3D8YJ77E7Z7YD,54443
A3D904RCVU6YPL,46989
A3D9PJ37U7LCHE,30485
A3DCER5VP40CP8,93692
A3DFUI6OKBNNGI,47743
A3DG8M8G0L4DNZ,61211
A3DJO1PD9N3VIV,28495
A3DKM1KM4C4G05,55738
A3DMBQU1CJUW2U,74047
A3DNT941HBO27U,77721
A3DOYQPHBOA61S,87372
A3DT4ZK8GEN8JQ,69278
A3DTIFEJ2AMPB8,99746
A3DZ8S3ZHKILFW,65427
A3DZXOPAS51NAH,11305
A3E0IFFHYQPLFE,54360
A3E1XMWURQQ64D,94585
A3E57KB4DP3F8J,34252
A3E9WDOTI21P4X,54319
A3EACFQ6SA5TDI,17213
A3EEBRYLKISDVM,20199
A3EKKXSGEVQ9WW,94269
A3EM5SJYGZNFTG,32692
A3EM9MIXNHEXOA,49195
A3EN54EJAR9QP0,30400
A3EOH4IHVQR1JD,64580
A3EPFODD53XUT7,73458
A3EPGICC2GJ4E1,63385
A3EU5MDWHNWZO4,17436
A3EZKLIXGN8STM,29061
A3F17HHPN8FH6E,12354
A3F1DPK6ICVLOB,98383
A3F55JJCVTTCCW,55515
A3F7Q9H2RJMSE9,73971
A3F7R131IJCPYR,74152
A3FA9WTWY3OSW1,65326
A3FAQHVPI8OUP0,44401
A3FDHMLJ5XUA4V,34399
A3FE4TVFPIX53P,85755
A3FHMEH9LMCOHY,23057
A3FHTYKYZPBEUC,19340
A3FI6UEQ9ZJEWH,58090
A3FNC8ELMK8YJA,24573
A3FOQGTHQWT612,14888
A3FPES3AZ8CADU,35946
A3FTBOOAP4Y9D,42788
A3FU3F8FJN5K5F,43500
A3FWYOGYM4ESVH,29379
A3FY7A6Z3EVNRX,15247
A3FYDBYFQMVEEU,65829
A3G0GCV9L0OYJC,17979
A3G1PZ0KXZKC91,46374
A3G2PYE34SX51A,78212
A3G3WZUD1UNWL2,31436
A3G7NGNCTTW422,30586
A3G83INT8MPLQD,24560
A3G8OON0TDPN1E,77420
A3GDTB9JDKRDI7,84151
A3GE88U5A23G6G,91399
A3GF90VY7J6HYW,11176
A3GIU7N4D93JMT,42576
A3GIUDSA1IGTFV,91447
A3GJ2V5UO0PDOI,74874
A3GPYCHKB2KDLC,20706
A3GR66LECRELCH,58577
A3GRE25RPUZ1QG,87196
A3GSPDKEI6LJ9G,60089
A3GUC6GIB2HKZB,16479
A3GVH1L2Z92PEE,12438
A3GX12NNBABB9I,80104
A3GX6Z66UUETO1,36772
A3GY6ZUA8J153A,81394
A3GZKNBFC1TW4,92717
A3H073G4EPBYOM,76426
A3H1A5PGLBBWR0,84875
A3H3Z5V2V1461R,28793
A3H4FVZJKZMR42,32228
A3H7PXGPQMNWNF,30183
A3H8FRO5L0YIAD,64287
A3H8Q2H9PKC5P2,57082
A3HB5DB0PI0MPC,92608
A3HCQGTFEZGEEF,83734
A3HF2VDOGXFQ33,46281
A3HFB277V5OXY0,37493
A3HIUR2MH2PGXB,87926
A3HIW2SGTNP77J,36258
A3HKZDM8Z0IMUY,83560
A3HNGFPVG92MZ6,27965
A3HNIRZ1FCU7S0,50594
A3HPCFDQ9WO7J7,66436
A3HSONMX6LNZR4,28040
A3HU90S12T6053,56404
A3HUBIDD9FTEK4,16272
A3HWXBTTI657OS,32258
A3HZ0NGQUI815F,60532
A3HZFB2JLF3JMY,39350
A3I1JDXJY9TIZX,66928
A3I2B7ER5EC15Z,76051
A3I2KTQLBPS4PR,31518
A3I6PUV4P5TM6J,90700
A3IB4MXD9UZ7VW,87358
A3IB7YJHP04OHI,51437
A3IBLSD23E995P,69436
A3IDTSOSHDX6JK,55883
A3IGC2CG8SQ8ZE,53174
A3IH41XX7JC2L0,48180
A3IHTJXHWPQ2JR,84134
A3IHY4OJBM3Q8Q,42819
A3II1DW3N2EVVN,58653
A3IJ7SO3Z5PGT1,81710
A3IJM171LMCIDZ,98441
A3IQ9C96WWUSS3,98382
A3IQMMZFL46AIF,90501
A3ISRZC9K01AMZ,26173
A3ISXCWQRYVF1V,24216
A3IW4TJIDQBBAM,92857
A3IWOGWS4QGBW0,73709
A3IWSJU6WQ7ZNC,31919
A3IZZUD5UVQEVO,14714
A3J09GEGBB2B8V,73011
A3J0U7HIFPPSWV,34225
A3J1PBE8UDQZ,52775
A3J1Q4L1UBFON4,99932
A3JATAKL89S1WV,23462
A3JBQDUICDRA14,97824
A3JEBV791DHRZL,94499
A3JF148BIHNG2P,11883
A3JJNJWNOKRZF2,56602
A3JKQCOJNMDZKD,43703
A3JKUWDZFXX8SS,90602
A3JKVMPX44GPRA,25540
A3JLLHF0KHQ6R1,67903
A3JNKZX5VISXTK,46157
A3JP6EWGQPZ1GE,51702
A3JUAF18AAZI1K,10073
A3JUOLQMYEMG18,57454
A3JWQN4MDR17T7,86302
A3K1H3GCVVZJTS,90888
A3K2D2ALH4IQWH,98692
A3K2VJL5G822AZ,40134
A3K2VSBTT3WUTI,45706
A3K36KLBGNV2HX,87032
A3K3X760JHG1T2,13619
A3K4JTRUZQD096,59470
A3K8E22O7CHYJR,71728
A3KDMC110M7XDI,13269
A3KJETYX1YIWNI,28965
A3KK0279GW1MSN,16396
A3KLYDSWZRIJSV,11501
A3KN1ZUKUE96EB,55379
A3KNPG2O3HFKQT,78845
A3KOWKS9OO580X,47812
A3KP8KFGG6734Q,66985
A3KPNQGV1DGJD5,40867
A3KQEFX15OV461,25910
A3KQOAAS0OSB48,61110
A3KSH29X7DOS9A,67612
A3KTR83AFRM010,21536
A3KVIZLKSASAES,51240
A3KX59MS32B5L1,25211
A3KXNVXN3S87N,89514
A3L1N321A3DT5S,89460
A3L2VS3998R77L,37594
A3L32ZPODQMI2O,13427
A3L3ET0EYXCWNN,88961
A3L64JWJRBGXOF,24652
A3L7EBW90B74F1,38404
A3LCYU631TIYK6,78340
A3LDN70TZX0BID,87073
A3LE1BIVORW3VR,54850
A3LGD55VE6ZHKV,95911
A3LHGJS3FF6QR4,88262
A3LIE6Q2EGABU6,13845
A3LKN28U4O0FPE,58288
A3LMVZA53YV45V,73212
A3LMWQON9V2647,45249
A3LP481OXVIHK,18234
A3LQRX4K4CV6XU,49699
A3LRDB35DA2NCH,61191
A3LT6J8SHD7XQS,45805
A3LTCLK57IX4EM,81122
A3LTFYL8W6PN7L,10191
A3LTWLRM4TJYLT,16040
A3LV581MKKRXNU,77067
A3M2HNLXQR2AAV,73710
A3M3JSNP1EH5V6,14093
A3M72NL1X1HMEN,65877
A3M8M7FBXBRCUM,51900
A3MC0GSXYQ2P7A,39207
A3MD7H6KD64OBW,91724
A3MDU0KP6F46FP,69240
A3ME1KIOAQPIF6,90161
A3MELYYGRJ61SX,45959
A3MI1AYOKEIIAY,75655
A3MJ984T6JGYZC,10448
A3MJSYSWX0Q4WQ,98244
A3MLEHL120K5CB,52247
A3MLN6RZW94HQ8,23946
A3MLV039E4V5FM,29173
A3MMALLPWNG0CE,73272
A3MMTARX191R7Y,86809
A3MOKW1PQ0PC6U,97427
A3MTFIJZ37YRH6,27461
A3MUN72Q4XHSMN,91379
A3MVLQFGQNZZC4,49890
A3MW5WAOL7MNN0,24700
A3N1R5Y7B4QQWU,59864
A3N3XRNJOEWPNG,15663
A3N5E6HZDBRFNC,11546
A3N5MQVRG77HB9,71947
A3NA1QLD3G3195,91772
A3NDX496IPJ02C,83564
A3NF9B2NLCLZWT,28973
A3NG205QJ48IM4,97231
A3NMA4OQLPVKQB,62662
A3NOWCHHXP5R9T,72362
A3NOYN845TEJIH,49133
A3NQG590CAO66W,96793
A3NRYEZ6FPJ59P,20871
A3NSNA9QA2PVL1,64527
A3NT9IQ72W7QF7,49232
A3NU0TIUHTQ0YI,79482
A3NW1SJHLDYXQW,59829
A3NWO2BOTBNY71,47004
A3O2UULO0B6549,64646
A3O34JTFKC34ZZ,77151
A3O40YLW6MYU8C,80991
A3O4WYGKH31OX,23816
A3O5ICTUN0AMMI,40016
A3O5SDG9KS6MZ7,59986
A3O8XZFHSXJZNZ,54964
A3O8ZQ552G0SFB,47573
A3OBX0VX5W6VFJ,50386
A3OCNP2U6WMC7X,86823
A3OCTYZE97GQ44,82349
A3OF9HAEZVBQ3G,88303
A3OGL1QQ4S6FH8,77002
A3OLRWACCCCUTU,95577
A3OO0H49VDWM1O,57316
A3OWGUJ1SID8VU,28163
A3OX7ROJ1D6PQY,71837
A3OYPWDKASZVDE,28676
A3OZ3ZUUGTX29P,67822
A3OZQ5U4GPW7GE,42476
A3P0AYUYPCOLMA,51083
A3P1SQOIECZCKB,37177
A3P2NMPB9PSJTD,59075
A3P41RSRH1F3PA,64892
A3P8FEPCV1LQ1G,59427
A3PAWDULKV2CYK,73125
A3PAZ3CDGNTKF0,91027
A3PBSBZ0X1O5OR,91777
A3PD284ALYTQU9,58667
A3PGS1Q1XAY79I,28251
A3PHTY8E5TZS3H,71935
A3PI3ZFY5OO963,29794
A3PIEY4HI0ABN0,33827
A3PK98J515JI1Y,64265
A3PKTV0ZOF4LO7,96353
A3PLJLUKN3PEA2,37401
A3PLTYKMWWX7GL,65682
A3PM7ED44NABS1,39912
A3PMPUJ9781EXM,55271
A3PODXTJ5GP0WY,43943
A3POUEYN59J30P,81516
A3PQPWN30ODXRE,36323
A3PQVDFT21IISU,56848
A3PR2CXEVHPIT7,98101
A3PUVK9OM0LNS7,75803
A3PYB8Z6FFWSOV,91048
A3PZB4MZSLCJVF,27967
A3PZFJZ8Q17O33,24931
A3Q3LPTIY2218F,35887
A3Q59ZWE37WE7V,97005
A3Q897SMMVA32T,40780
A3QDDYBRNDFRXX,69591
A3QE4RT2WYJC88,35529
A3QG5HVA0HKP8N,38699
A3QH0DR107Z3Z9,43492
A3QI6K8D233GAQ,37443
A3QK9AH6XIMQU6,67879
A3QK9VR7ZK0B0M,40653
A3QM4EPCWDNW0Q,82613
A3QMSRJUCWX18Y,92004
A3QMW219NP78NL,14956
A3QPVH0DRW0ZQV,48787
A3QS4QOF764DDS,24348
A3QSMYASKD10I5,15303
A3QSYL4NXZYEQK,97713
A3QV8L3JI08MRK,74479
A3QXY8LOG924BF,28278
A3QZPIABOH7AFM,17628
A3R0NRKV6WNGWP,44128
A3R0S4QK7VY0QA,27318
A3R3B6DZ3Q40IK,99333
A3R49635U92IOK,65390
A3R5SO86XT8LKZ,60476
A3R83V6GCRNXDL,24770
A3R9VU12Q1IQTW,96224
A3RAQ8SWUHMOMD,66080
A3RC46ZOZAEL9V,98714
A3RDJ3UZ9EJP6Y,96351
A3RHXTNUQPKNTI,37572
A3RK11ZLF036RO,13135
A3RL6GFJY86PHW,95751
A3RNDWQ8FN4R58,21198
A3RO3KC60SPOID,38619
A3RPYMTX7ECXSX,67168
A3RWA3Z313T7FF,57506
A3RXXEVLEAM53M,99838
A3RXZ53VAWHLD0,48370
A3RZ9OTCS0IWFI,79818
A3S2P0WOQ6JRSP,27484
A3S4HVPIEK0QQ3,83006
A3S82C70BODS19,35621
A3S8U3BMJEJR9A,74587
A3SA97VT1923NN,14589
A3SAORD76CDAFF,12406
A3SAZNE93AFFOS,29022
A3SBQW955NUVW0,82699
A3SG7X62O8X691,26735
A3SGFTPWG5DIQ2,60582
A3SIU7J419BID7,59585
A3SO12Y6Q5SEEB,83949
A3SOF1NXTL5NVZ,76264
A3SPNCJAWJGSDU,48503
A3SQV2L85UE5BK,91997
A3SSVEJH7Y8YJC,63125
A3SUDYDNOPTMGX,84306
A3SUNAYF7ZPRH3,73975
A3SUTIGP7XQZI5,28890
A3SXZL66TVNQQG,38858
A3SY6YEGEDKP63,30683
A3T1YVDGWZBTQJ,59774
A3T467USWU7ZOY,41359
A3T532SE2YKELF,20230
A3T5X3PSTKNS6W,68998
A3T8VF2CHNPL2W,69861
A3TD3PWJ8BU2H1,70326
A3TDPXTB6Y6H1I,21878
A3TGM0IDC0E76S,16218
A3THIF4APSL00O,17965
A3TI4G63J6VCKV,16945
A3TK29DDKTC2QK,26952
A3TKAX3JH3EOBQ,82936
A3TN3GQAO61BVB,32147
A3TNXQNZ3BR8H5,58645
A3TNXV9XZ3BQCP,63254
A3TQSHAQXPIH82,25515
A3TTKL0XQNUXLJ,30037
A3TTUFK3Q3AKL1,61732
A3TV9D4TJ1RW3Z,22952
A3TZSQ79JL46JN,63004
A3U10XKP9Z2VL0,55999
A3U27ZHUGOPIAN,97412
A3U2O8H71TJW4P,87389
A3U31E31A08946,86831
A3U69MNO1JC7V4,52088
A3U7MR0MYEK1V2,15963
A3U7XY8TCVPRLG,36819
A3U8D3HSQ83GMM,54322
A3UA50A6GKNAMR,87402
A3UASP8IPZ67T9,15542
A3UAXLNVXORDWJ,74108
A3UBPWDS0NXGIU,81741
A3UDRKHKUQ9AAR,67004
A3UIKM1OJ6M9J,11399
A3UIYR19ELRYJW,90969
A3UJ6YA4NVFTME,70817
A3UKHTRBHTD97K,61889
A3UKRC3LBM1LEW,83386
A3UP2L4Y9P1W7T,40370
A3USIO03UXTDUT,87512
A3UTB3ECQOXL5D,72077
A3UTFN22UQAFA1,70392
A3UUKJAY2KKNRA,80331
A3UVX2G18K5CC9,59896
A3UWPQMWIYK603,14733
A3UXEABTBKTM2B,43749
A3V0N08RP1IBVY,21677
A3V5T6PEHRNART,57160
A3VDD6Q1JICTNH,72996
A3VESDBF4LH061,96013
A3VFSO0GEYGNXH,66028
A3VNKIB5D59YJG,99235
A3VQM3IJLGXPG4,43515
A3VQZK6ESADXF2,12240
A3VT72TMN9XKKE,75717
A3VV90KUTGBIN1,36707
A3VVCPYZROGGJZ,72002
A3VW1XW8NHV021,13294
A3VW6EF7FNQGGN,12340
A3VZB2PKPRBT0D,95748
A3VZUPCZB4Q9XW,813880
A3W0YG37BSZYJF,35548
A3WDQG5PQE66J,58848
A3YG4NM3FQQQY,89878
A3ZSLY8UQDRC3,75926
A411ZZABHZUNA,20238
A41O2WBQFZIJ9,43683
A436DJF5TJ5V4,23738
A43Z9G68U5GAF,36621
A45JBJEZ5U4NG,59559
A47DZDTXBBKRP,22815
A47VA451RDBV3,35051
A48H6RKOSFGE4,77546
A49A0FF6ZXYDU,29020
A4ACN0KN920QQ,86224
A4CHVZXH1SW6J,27210
A4DDPZTUBEPGT,80180
A4EMJ9GMG9242,49655
A4H1T35G1RHI3,96803
A4H924QIAOJN,58732
A4IX0UUC3A3GY,75715
A4LRD44K57D6,82890
A4NDOLEEU8L3D,42327
A4OJRSC5RQ5YR,70263
A4OKS19ZEXOOO,45381
A4QTROQJPURVE,95383
A4TV003TKB507,75401
A4UN60D308F0X,28899
A4VXK8NPHRF49,51231
A4XJ2PM0SAYEJ,90404
A4XZS2EY43OLT,61412
A4Y8I7ZHP9CE8,33140
A4ZDZAOP4HHR6,84193
A511T7B66WKI1,77055
A51RKR9YXRHUO,13558
A571ZBYQ3ZFX4,37863
A58YJNA9A513M,33012
A59AI0N3H79L2,25975
A5A14MTB35J23,48086
A5ARVKMY9FVJG,12887
A5CIHEPULDFUF,59078
A5CMNI7B03XL,61467
A5CXGJOMAVT6V,48899
A5EJ10KD1ELO4,78417
A5EP8OIKS4AGT,24630
A5G1Q5P5GKE9V,10891
A5I95P3OB2P1Z,97003
A5II30HHF3S0T,13826
A5JPANPQUV4AA,76345
A5O172U2CLXB8,91642
A5QGVWKXIKGIB,11316
A5R4MWO6LTWZO,44079
A5V3ZMQI0PU3F,56648
A5XQ30GQTHHK6,72838
A5YGW6FZRAXYL,75242
A60454KLPJ49T,79053
A625YLSBO4CJI,16982
A641SR8QMF3CK,57323
A642ZR7CC94S6,20602
A64F60OM8VDDQ,58187
A65OJ6BRR1SQF,79016
A66QAY9ZC7PS4,22118
A6717SDXOR1OP,84783
A673II2GI9M6K,79634
A67BQU8ICY4FX,68438
A69KYQIU9HQ5W,14133
A6A3A6DNPGFCQ,35937
A6AHDASQ27YUK,11787
A6BVXN0JS5542,67338
A6EIZUBFEYARH,51373
A6EO0TLWGY5HN,96657
A6K3SMERJD09G,67618
A6KCFZR5MYX9C,17521
A6KOTWP7N7RLU,41979
A6LK4KM5ST58S,65877
A6O1VFV32LBS8,86256
A6OBT1RD68EMZ,17773
A6OF4Z1C2KZ3L,41170
A6OJ8BAHU3ILN,31917
A6PQKXTX4TLNK,12691
A6PUC6CLBDJW7,41917
A6RBCYXLGDXRV,30932
A6S809Z1SXOMT,37315
A6UM9H2YJYC0D,98090
A6X8LACDDY1GC,58188
A6YAHQGEKKTSG,62032
A70HR6IOM67SJ,76587
A70TBKPGWQZO4,12016
A71NZTTHS4AMB,46729
A723LDNGDNB3L,63883
A73GN0F9DZLSD,36245
A73OV0OXDK2RA,46027
A73YME7RH2718,47746
A77YYQ35GWQ4S,11247
A7BHUD6DHX2VT,48192
A7DWCUKKYEENB,25151
A7FES771EFY3Q,95341
A7G8Q4AIPNN12,81198
A7HT52XPC7LJS,62566
A7IENGR75HJIT,61445
A7J3RRZYPI48H,19094
A7JD9B7VLMWCC,39455
A7JY83XLBASTQ,52709
A7LY7R7ZBO3WT,40198
A7N6TQU8T6BG9,13889
A7PZ72QCZNG49,93618
A7R2TIDS5LLIS,53838
A7TE8WWWIF2IS,80452
A7USTT4KU1ZBO,32850
A7W891FG2N72I,67346
A7XH766DN977P,61186
A7YS6IK8LRVN9,82655
A80V2WHSLGWIW,25265
A87PV9R9JDDYK,47901
A885ZVV65ZWRK,69590
A88XXJIRZFMYD,44659
A89INEH3YEI5I,61284
A8C5ZXLP2XBDS,12932
A8DRG9W9U03XC,58050
A8DSWZOZLAG6L,87756
A8HSR43LHHFWT,44346
A8NKU6KM5VJKK,13342
A8O6MJ2MYPBQW,39682
A8SOS352J69W7,13206
A8X1YI90JPSGP,50742
A8YGJ7Q9X7M9Q,66982
A90HIS60LRS11,56288
A97JSQCEPTLJ0,12691
A9B8OE5B3IYRH,44708
A9CTKXSQDOSC6,94409
A9DHCNNON2ZK5,63845
A9H1PPD662AOF,95096
A9J48W1C9IZAI,67505
A9JDZK81AUKU3,77902
A9JLQEN9J5WL3,63702
A9MBN1TX5UY07,45664
A9MGV2UUPI02Z,69469
A9SVRJD4M0A02,76256
A9TFGY154Y2I,27464
A9V4LUL69IZUZ,38900
A9VTN6JWGJB6I,42910
A9W3MMLGGWVT1,73076
A9ZF2S5JR6SE0,15334
AA28N8GQNRUXH,50782
AA3GCZ3XIX093,37284
AAB2KFOYNWSXF,58895
AABZGLZ5QWCG0,22296
AABZX1XEZV7DQ,69161
AAC1T1OKFL54P,72696
AAECD8RBWBLU9,82316
AAJ2MQLBCIUGV,82397
AAKV691LBCW7Z,83683
AALQH2Y9W85ZU,78134
AALTVZSE06LJX,87467
AAS6JE0EH82SO,13859
AAV9D4UE15MU9,51116
AAWAJ6E8QRFH1,25747
AAXCIEBY6678S,63493
AAY4JAC63WGEU,23879
AAY7COO8QG9IQ,83321
AB0LYB4PZKY9K,44711
AB2KJ02R3HAKD,95709
AB3L4DBGHX7PG,98873
AB5WBMZGLX57B,68189
AB7TB6D22L1SP,58537
AB8WF9FFNY9S4,56595
AB93RRFT5EWHA,99790
ABHGKLWWU61KF,22087
ABJ8BJWQ9GG6M,75518
ABJKGWB0WLBTQ,89023
ABLF41VLCUJFN,22197
ABLZE51NE44U8,83237
ABO46IA0BFH0F,34339
ABP1TJVOX62L1,61178
ABPD913I9G8ZY,31312
ABS15GJFS7CX4,90057
ABS72LBDWLL28,56845
ABUKIYCNDSPKE,56760
ABVSR4GA6S3U3,88867
ABVYNKCG6HU4R,46392
ABWQ8B658VU84,68238
ABZZK38SADC9P,50479
AC13G18E7K10J,46763
AC4PBHOUO26I4,86933
AC7CDW53I98JT,32241
AC7QPNOH2LELF,77980
AC7XVCRQKTKMQ,93049
ACA2RL31B2G57,59392
ACBK30I7R42NI,68764
ACCXP86959LV5,21445
ACE4C6ZAZTS1D,12673
ACHJO9YSGTQAG,80912
ACID7NKW5A8QC,74003
ACIISGKR1TP21,69150
ACMUK4WVEMEXV,93842
ACR9X9YMDG2CH,31840
ACXK9VTKUYQGR,31113
ACXV6HCF3L4EO,73989
ACXXK6ZT45LCD,60378
AD15OW944ZV20,82809
AD42EYBVN65RF,22425
AD42J3Y81IJMT,26605
AD4YF6SVAHCSS,50912
ADGJXUEMPLTMS,91430
ADGNNKY4NC6QF,71464
ADGRT3GY4AEP2,11229
ADHK3L409O5OT,59346
ADJAPT58C7H89,94727
ADKJBYY9Q3VNZ,27107
ADL4ZERJKUAT6,61527
ADNJPBNNWIDRB,93892
ADQB1CIQFO2V9,84436
ADRM9WO078AS5,76336
ADS6ONEBLIK43,46291
ADTNOFJHTTB1L,97261
ADTPTJKDA4LSL,76129
ADTSPFHY8NE5L,92708
ADUQTE7IEM5UV,48171
ADVCIFLB5A9B,13235
ADVWDQBLYPS26,19120
ADYKAF5FQ6XNB,99711
AE1X9G3C2RZNR,69163
AE33JO53WTHZQ,79661
AE5QPV3UNECRP,77993
AE63GABJL0FGJ,37659
AE68XSMXAYPWQ,18547
AE8I57MI88USU,94368
AE8JXVHSTELLL,38301
AE9R8L88VCT1L,63041
AEAC8IKF4SFG,82126
AEAHL0V6WL4PZ,82280
AEBC948UA4DES,35787
AEHH65WR5E3L6,66874
AENE0ASEDKQB3,81105
AEO1J4WV8SV8S,21883
AEO1ZF0OYPMCB,31480
AEOZZ0KYR4998,67626
AEPTVO8F8X127,87328
AES04J31ZBRF3,73769
AEX85SLEN727,68707
AEY97RHUM5U13,73645
AEYH42Q2LA9DV,36164
AEZ1S430TO6OJ,26165
AEZDFXPCMI4ZT,95124
AEZDSH2WOKBVI,94683
AF0M3066S5UF1,51524
AF3YJOJWCSJH2,82247
AF6OFCID04GG2,18398
AF78STPZ8GUYI,74427
AF7KTYQ4NM8VL,31024
AF82KVCJ81YDQ,71960
AF9A2LDNOKD29,71104
AF9TRBX21MM4G,28875
AF9XAKW0DD38A,29263
AFAQRD1972NYV,64406
AFB3HRG78PD9H,98926
AFCSCF79FHAP7,71331
AFDQ9MCITLN0F,58445
AFET5KYTUA4TY,82024
AFHD81VGCBAUJ,27394
AFIAWMH3GP3R3,12841
AFLRBB974KS6D,97685
AFM3N3VMNNQW1,85809
AFNTU5C5A4B9M,32590
AFO7KODVZ7N4W,23348
AFO9MCOXXSYY7,73320
AFOCIS3GBGEE4,23517
AFT9JOHMU11KY,59493
AFVNOI1GZYICB,64406
AFWGO52ZNJIE4,68518
AFWSBV2NPWTCG,30163
AFXOEOT9LH4RF,67940
AG053ALQ5ZNCU,15692
AG1SOUG1P7J76,33958
AG4AQFFOOK8LH,73402
AG62J8MOAACK3,18707
AG7C4X3WKKBV,36436
AGAGV7A9LPQVO,11802
AGANKP4PUZ4NC,47925
AGB6853RIDWJ8,96571
AGCU8OJR2LRQ2,80442
AGFMF1QW5TM51,77755
AGGMTV8ZCVHM3,81116
AGGVIMYQUA422,52333
AGGWG6HQPVSN6,24698
AGLFNO1XKM8O8,75236
AGLXDCU4YYN73,95500
AGP1IXSTAD126,48436
AGRXW9BHJD4AU,90944
AGTXYXRMMG428,52332
AGVWCR12FX0GI,49305
AGW5BGYHIDPUF,66484
AGX9YNDNOKBQC,49054
AGYT38VVSA48K,96846
AGZUW2G8HHUS8,98245
AGZZIL4N46YKG,75632
AH0HAT2K4YNWA,58041
AH17JL536Q1IJ,21090
AH1GZQFB3F9NH,39980
AH2C0LKV36ATT,31358
AH2T95G8EMLH,14924
AH67CQB3YKBSD,41938
AH7HACNNRSIPO,90344
AH7WE5OA2UXSM,16115
AH9Y8CU86QKZ3,25684
AHCIG4A3FXE6Q,40691
AHCTZ4DHZHU1W,58448
AHEMKTCJLHDKF,91187
AHF0I035D5WYQ,23426
AHI2WY1W937NN,38835
AHKOMKJ1HGJLM,87832
AHKTM6Q48PGEQ,48931
AHM9DHGQ3SP98,35665
AHNHV6M51LEII,78598
AHPOPKOUHGLK5,52256
AHSHH6Z64IAP1,84334
AHTWQSOY6HTJI,30658
AHV4U78TUUDKI,37423
AHVNP4UW29NIO,53798
AHVYXIIP3GA95,49809
AHW7KXGU1CASB,96248
AHW86GWRLP2T5,47566
AHZCC2V399WUN,77614
AI2WK1CFL9FTX,80971
AI63UPJVYB6DI,25557
AI8E3ZLZ3FO6O,61176
AIA7RZSAONU5M,77848
AIBTV03NX06G,52504
AICRHW5H7OHBS,58449
AIEK8IWJCMMYI,92521
AIF0Z30PPNINF,79182
AIFG3RMDII8UF,67342
AIIHZS9YCR1VG,28247
AIJMZ7ODGEBLV,68493
AIKRB1U3EGMQR,81086
AILT4SWETTAUL,84611
AIQ2MD834W19Y,97242
AIQWCNH0RM9QX,83134
AIV2EM1QEW179,38989
AIVVHJ55QGX5C,82604
AIXZNUNYZHM4I,98232
AIYOMF8PJJLEQ,68831
AIZ2WT5GUCS0E,75851
AIZZXFYOO8LVO,56140
AJ0HK9NKVX30W,16427
AJ15Z1O5WWNX5,93339
AJ3HWVUFIJ52R,21335
AJ3MWMRLKR9MF,91314
AJ4B5W7LPJEQO,10668
AJ6EZARGMGVPA,86397
AJ7P3QCKRGZGF,67074
AJARYVK5T3A9,39981
AJAVJZ6PSNFWS,53354
AJF3KKHWR4EJE,59731
AJFEHKCW3DUZH,26651
AJFODW94PANPW,86531
AJJUXWSLPDQQ7,98902
AJOKO9O9XBQ1S,40394
AJPU9GR27MLJ,23491
AJT7C07A187KA,34618
AJTN99E5GFNCF,92414
AJTRJCXXUI34T,50027
AJUVX0E4OPTAO,16797
AJYJ3RYMHNR7F,29813
AK1GE19RT3PK6,31538
AK52RXEJKR81A,13908
AK7GYVMKXT3LC,92044
AKCFK7XDGUHNN,19262
AKDWKJJXZT6R6,28042
AKFCL6BRJIOCF,83476
AKFSNIVJNWGYQ,29504
AKIT35WR8HEQ3,70910
AKJS2DE6UAAOI,24408
AKJWF4A2Q1BHV,85905
AKKB1FUY9KSAT,66817
AKL4BLO8IVZ71,63133
AKNBC1TE88NDO,72283
AKPJFC8GJBEZB,89002
AKRG293W68VRI,47772
AKRVOIMD4YALU,87832
AKSBTNBUZSVJH,68771
AKSDNQ3A6CAIF,16933
AKSLU0C30G3JT,49165
AKSYEZNHHH889,17135
AKTQD9Y44G495,28041
AKWAO862UBFU1,17828
AKWDZRXE69GDZ,28023
AKX5RHHO8BIUX,20129
AL36KBFL3ORCD,30160
AL59Y4OTXLT6H,73791
AL5MR5NR0VYFI,64412
AL6WVDF2EZZKJ,79774
AL8PEZ7YJND22,66087
AL9SYQEUTNJXT,18172
ALCPF5NANBDSZ,73576
ALGGVKM1CTKKA,79274
ALLZWWMA6TR7O,53920
ALML8V38FDV0,97070
ALMXTU647ULDU,87630
ALP1DU0IJVCOD,10121
ALPE04K0ED0RZ,56273
ALX3TSOBNFU64,19757
ALYR5CI2SM2JC,76041
ALYWKWXM38TPG,41507
AM27MWA9NUQQH,63725
AM52PDL5OJGJ0,83765
AM60XC5EL86U1,32643
AM7KUJM4MQOBM,98499
AM7ROLKHEEF43,81662
AM8WJHSXTEP3T,85563
AM983Z14AMU4G,13311
AMBPCATR17HYL,12530
AMCY97CTIPEEI,99338
AMF4NAITQL7Z6,34109
AMJDEMVSM0M9B,99008
AMLE1FC3SQVL8,37381
AMN46J9VFP8X8,85748
AMNQMSJA5KP7Y,50147
AMOF050Z88M0L,84473
AMQ3CJJS29W0V,74340
AMRGFM1EXY2PN,34389
AMSR4COTV7607,29210
AMVBT3XDCQBHI,66838
AMW28M2VV2677,12358
AMXEJT7WAG2XB,64817
AMY9G2I0VTN1R,26491
AMZJYF68TOD6J,55436
AMZZ3D0GQ55KD,90400
AN0LMTB0P5DYZ,91167
AN45KLUESX3NY,70226
AN4XFR2MSL0FB,17808
AN4XQITDQFKQL,38260
AN75WF03VCEQE,53973
AN7OOG6LVVQV7,27178
AN7Z42U38BCQT,18928
AN8M23KDIJZDT,15054
AN9QQXKD4DUX,28044
ANCIB6B6EBBIJ,61070
AND0QB9HN2WO4,53529
ANEVIDK1EVP9V,31843
ANFBZP4LZAS9N,93602
ANFLGLM7UPZPD,18432
ANFUR3C2B0E9I,13056
ANG7228B562UE,26081
ANI1THQC8UARA,38629
ANLFWJ8LA3EEM,22549
ANMMD96N1B71K,87870
ANQ6QZLGCNWKE,51980
ANQUHN36PYOQ1,91696
ANUG05IDFTWF,13838
ANUOX8AO01RDH,42334
ANWHAP0XATT6P,31995
ANWY0TG55MWW9,28118
ANXIYA9KKTO2Y,62410
ANY6Q2E2PQBB1,54239
ANZBO8QBL5XIU,51505
AO32FOYH8JTM0,84227
AO369W4BSUV9K,37976
AO3PSTU0XHXJ,69760
AOA61BGN20ZYQ,19414
AOCJ4S5KO2GET,43940
AOCQ83IC3FRUQ,13134
AOEJM72SYZ68B,43495
AOEO9ZV81R0I4,78204
AOJD8D9NXVAR3,69899
AOK3F3R0R38GE,77709
AOKJJVE30IS1Q,26554
AOMFEAWQHU3D8,15503
AOO6ETRU2X5VQ,79973
AOOB5PLKKFZYY,https://princetonsurvey.az1.qualtrics.com/jfe/form/SV_e8m8HY5UBGyuU8C
AOODCTBGTGMHC,85879
AOOG2ZDMKG0P,13120
AOOU57BC3GK9J,85411
AOQ9YNK1SX72Q,97254
AOQP9IL4MK3ZQ,33301
AOQU769ZT0JSD,71450
AORLGSG19KEGZ,12691
AOXNW56EL8HX7,42614
AOXO6NBAVE2S2,36014
AOXYJ6YFG4S7E,59060
AOYDGVOZUIHII,73482
AOZIVBC0EPBA0,11297
AP0U5IKLKZ6XB,73989
AP284C26MDI4C,40455
AP6CJAMKZ7GR4,70458
AP9C1N22QDC7Z,85233
AP9DSFKO847U5,16825
APEQWJ3TJBFTH,59049
APFU7910K4Q1L,17429
APFZHPBI0NS3P,85235
APL6X48OZH9QF,62985
APPR35OCKA8MC,75543
APQ23ZMDP99G5,57322
APQW7NA9155CV,14982
APS5UP3BSWKGX,74210
APT42OCCATUAI,31627
APVM1YOQCNM4T,37079
APVZGZM1RA3AZ,47191
AQ17V9SUMHJMN,52554
AQ3HMKNVD66LM,57122
AQ3R5OVD8HVZU,86821
AQ4UMWOUSOTB7,51641
AQ53YJDPDDLZ,65674
AQ72I9YDIQK2K,71385
AQ8Y2PIKEKTR9,32741
AQBH1ETGQMB3D,30829
AQC6G8IDM1GRH,16136
AQCJI23U1VBYD,64165
AQCV15GPERWPW,43505
AQE6WDDZH4GVY,72751
AQINH9S5DHM6Q,21652
AQJAE7OZKPLNK,39032
AQSD67NVLFJBO,31837
AQTRQOFEMXETR,94372
AQUOS2XZESNXB,93707
AQVZ9CXAARO7U,40437
AQWZ3CVPB0HNU,98295
AQX8IM6PYNGWL,25512
AR0J4KEYHYJU7,48118
AR0UATVXWK3JT,72604
AR14U7NX2UVRT,15097
AR26ODSNCLJ6W,88379
AR2E63IAC7KEK,48532
AR2NQ6OBRGCI7,92055
AR4FNR7Z2WLC8,19699
AR4MBZ3Q9TWSS,53511
AR4ZLUHGM7UDT,94997
AR696BZK0K67Z,26061
AR8WYVS06UUYG,58928
AR9AU5FY1S3RO,85670
ARC40W8260FN5,58911
ARE6ER0C6O2A1,44584
ARF72OPCUZBQ2,59339
ARFQ8FJRKCUZ6,27632
ARG392N6HWZCJ,47769
ARIBH399Y1Z7I,37715
ARKPT0SC3QJ4U,57251
ARPBDM5QZ4XQC,28969
ARQ7R97434PM2,56896
ARQEDW35NFC34,53883
ARQR5NIFA1AJ,74319
ARR3UJTM2ZGK4,73777
ARRKAI24SI1PR,61606
ARTARDCXLJ5H6,59120
AS08ODODBG8BX,27479
AS0EC2HIE974S,12691
AS0IF86V7OZOI,10261
AS14C0P2YZ9WH,25990
AS38LG54A08PR,82570
AS3D761MQF31,71309
AS4NIEQJWCG3M,97368
AS5Q1YIHBGMB7,54820
AS65W1CAN0MHX,24057
AS6722MRUN7AH,98081
AS67DC52D55Q4,22914
AS787OL64GYWX,79849
AS79UKP2Q7NWJ,57652
AS7ON0BNLBBZ4,90827
AS7SMJ3H6RHJ9,32825
AS7ZK30LXDC46,13313
AS8UF78F25PGT,94898
AS9RZL1B7D9FB,48913
ASAYTNE74R6WU,97761
ASBMZ586Q82VV,57514
ASBW8S2YE8XM7,20525
ASGTO34Q69GBO,60994
ASJDKV1G0MXXB,32829
ASLCNTHZIBUM7,18279
ASLGN9PS93UYR,50572
ASNMT3I94HZ44,35334
ASO0TOWHTMJ4N,40402
ASRUHBBEWYQ97,86399
ASU5KM7AVG3IY,54759
ASVPTWBAE7UJ,13960
ASXWSNSIHXAHT,45834
AT0PYFTZBWTOQ,90251
AT379ULO1RY9R,15710
AT3VSSXOSFJ0Q,10653
AT421VBEQFQKL,62101
AT7P2XVAYN904,52997
AT7ZGRWE6IORC,15653
AT8A9XACJK1UR,70031
AT9IGVVLHVB8V,46816
AT9U03ZHXGREN,62010
ATEK6H3U46Z7H,83944
ATG1TVBU27YYR,12200
ATGUCUBI57H0S,87689
ATHBPZE5ES9UV,62989
ATIAMQJAU3I1S,70341
ATN30568MAGWS,13849
ATNSE2KIJT4S9,71725
ATNY69UI91LMQ,25793
ATOMXBLDX6DRH,66078
ATPW1MWLW7RBL,10196
ATQO18GLG1M7C,66331
ATRRVQWZZ87QA,58618
ATS1NQ34NV3A2,50202
ATS3TTU08W4TW,73346
ATTK42B184MTD,91211
ATYWW6K7XN8XN,61770
ATZUUPHDC1ZQY,22135
AU4PTX44URN8D,21116
AU7RK2T2CMUBV,10881
AUB1EZFAPP81P,26464
AUBKB2XCGMMGQ,24088
AUCMFWD1WWJDM,57291
AUFQA9PSISZOX,84165
AUHKGKB3S3007,20403
AUKELYOG4B7AW,46855
AUOAXX8VYN9CP,68551
AUQYOHUHWU1D9,58642
AURYD2FH3FUOQ,68885
AUT2QVNWLZD1,78660
AUTSUBI5IB8RA,39645
AUUY1CAXNOAWF,48723
AUVH4UBUIEKAR,28598
AUVI3BYPGQICR,49957
AUZP4FPD6UTNU,22254
AV2KR2UIT5SQR,40104
AV3NMCN13C6RM,34166
AV5T5CJ1AULRI,16255
AV93KY6U9QGRX,80917
AVC5WATT5FMS4,90759
AVD6HMIO1HLFI,65219
AVDKT8GSIX9JH,26509
AVDLC660FIOYY,47610
AVF7798G6ZM4D,51697
AVF8EZXCPXI2D,18484
AVKE1NOI9TX8Z,65530
AVKMFV9CZ0MLR,85751
AVN33U74UUIT0,82299
AVNWOZ369TW9R,57981
AVP8OEUW3NB4D,80513
AVQCVKJG5OAO0,62596
AVRD9XYKPXSY3,46492
AVTNI8P7R4C28,64600
AVY9T681LKAI0,22966
AW00DBS1CKY4Y,31244
AW4PTI9P13WUB,35347
AW87V36Z1QTNQ,87114
AWA2FZ5APKEWX,32654
AWC8CYV72QOLL,56140
AWEOVYNS6G6OR,61299
AWIXX0JTOJ23U,20254
AWJEFQR4PZBXT,42263
AWJITULSJMP6C,70645
AWKJNQMK70BH3,70960
AWKP0M7G5BBCC,77447
AWLZADZ2H6D7R,77860
AWRMHUCV3KAW9,83289
AWRRM9NRX4TZX,35569
AWSTTFKTGNPML,18452
AWTBENF2BL2IQ,68228
AWULBUF1OMXQ5,72556
AWVIOLZUKBNVU,18306
AX1YV8YNRW0GB,54500
AX7EBOTFZBGWD,74834
AX9LZ0N55O19E,35411
AXA1G5JO6F0JU,26198
AXB86SVXU5SEG,28794
AXCNR8JRXKGY2,10345
AXEFZ9CHJHEJT,82666
AXGPD4J4FWTRX,44837
AXHLGLS40GS7Y,31571
AXI98AWI3BQKB,95423
AXIYN25T2YUAQ,58607
AXJCS1IMKLVF0,67216
AXLZIIXF54LL9,47941
AXMTB3Z1SCJWR,72978
AXPZAP62ZYWP8,71787
AXSBX0MCQNG3A,97127
AXTKP38JFOP2P,40067
AXTSN222NBA1Y,16355
AXWV7BUKO586B,15082
AXXA481XH6FKE,20587
AXZ60Y5YZTT2I,40978
AY0YFHFGVCQNQ,99285
AY2F6BGXQM0UW,69661
AY37L09LCU03E,11550
AY4EQTZ5Y77TT,19401
AY57TIN0GCWC1,17386
AY5CJ1E2O0SYI,72386
AY8FDUWAFBY8Z,36108
AYC75BK8WIZK3,62833
AYDHJW4ZG0D38,59967
AYEZO81JVFPZL,79146
AYJFAAM7X59AN,76532
AYL6GTXP9U8CA,11051
AYLOTFJG7USV3,30507
AYOSIB7JSIGRQ,15301
AYP6DXGZNZM98,82453
AYQDG7OL5GWE7,44394
AYRX6Q986KO1P,89889
AYUBSG6FZ9DVU,89597
AYZXTVZLFQ8F3,43157
AZ1KTVBLOCNMM,88281
AZ1V9F2E5ETXY,79182
AZ31BQC2P61C5,55379
AZ5KAKZR0CVR,28747
AZ6DQHW7AFKPP,76012
AZ7AF8JK32L4G,58541
AZ7JRE9HNBKLJ,33957
AZ9T2Z3D69MX9,93938
AZD5EFRI6AB7X,82278
AZG7LNQUXYW8V,87130
AZGPOH3HUID39,78762
AZKONH1R3GSTA,16731
AZLX0OGFF8UQ1,75580
AZPSZLDMZ9H2S,86272
AZPU00TY1J6M8,98317
AZUG9DMYO69MJ,73073
AZVV53IZ1JHAP,39277
AZZB4K98VBHBC,25797